,fileName,RelFilePath,AbsFilePath,Type
0,RCNX0032.JPG,2019/100RECNX,/tank/data/nna/cameraTrap/prudhoe/15/2019/100RECNX/RCNX0032.JPG,Human
1,RCNX0533.JPG,2019/100RECNX,/tank/data/nna/cameraTrap/prudhoe/15/2019/100RECNX/RCNX0533.JPG,Caribou
2,RCNX0534.JPG,2019/100RECNX,/tank/data/nna/cameraTrap/prudhoe/15/2019/100RECNX/RCNX0534.JPG,Caribou
3,RCNX0535.JPG,2019/100RECNX,/tank/data/nna/cameraTrap/prudhoe/15/2019/100RECNX/RCNX0535.JPG,Caribou
4,RCNX0536.JPG,2019/100RECNX,/tank/data/nna/cameraTrap/prudhoe/15/2019/100RECNX/RCNX0536.JPG,Caribou
5,RCNX0541.JPG,2019/100RECNX,/tank/data/nna/cameraTrap/prudhoe/15/2019/100RECNX/RCNX0541.JPG,Caribou
6,RCNX0542.JPG,2019/100RECNX,/tank/data/nna/cameraTrap/prudhoe/15/2019/100RECNX/RCNX0542.JPG,Caribou
7,RCNX0543.JPG,2019/100RECNX,/tank/data/nna/cameraTrap/prudhoe/15/2019/100RECNX/RCNX0543.JPG,Caribou
8,RCNX0622.JPG,2019/100RECNX,/tank/data/nna/cameraTrap/prudhoe/15/2019/100RECNX/RCNX0622.JPG,Human
9,RCNX0642.JPG,2019/100RECNX,/tank/data/nna/cameraTrap/prudhoe/15/2019/100RECNX/RCNX0642.JPG,Caribou
10,RCNX0643.JPG,2019/100RECNX,/tank/data/nna/cameraTrap/prudhoe/15/2019/100RECNX/RCNX0643.JPG,Caribou
11,RCNX0644.JPG,2019/100RECNX,/tank/data/nna/cameraTrap/prudhoe/15/2019/100RECNX/RCNX0644.JPG,Caribou
12,RCNX0645.JPG,2019/100RECNX,/tank/data/nna/cameraTrap/prudhoe/15/2019/100RECNX/RCNX0645.JPG,Caribou
13,RCNX0646.JPG,2019/100RECNX,/tank/data/nna/cameraTrap/prudhoe/15/2019/100RECNX/RCNX0646.JPG,Caribou
14,RCNX0647.JPG,2019/100RECNX,/tank/data/nna/cameraTrap/prudhoe/15/2019/100RECNX/RCNX0647.JPG,Caribou
15,RCNX0648.JPG,2019/100RECNX,/tank/data/nna/cameraTrap/prudhoe/15/2019/100RECNX/RCNX0648.JPG,Caribou
16,RCNX0649.JPG,2019/100RECNX,/tank/data/nna/cameraTrap/prudhoe/15/2019/100RECNX/RCNX0649.JPG,Caribou
17,RCNX0650.JPG,2019/100RECNX,/tank/data/nna/cameraTrap/prudhoe/15/2019/100RECNX/RCNX0650.JPG,Caribou
18,RCNX0651.JPG,2019/100RECNX,/tank/data/nna/cameraTrap/prudhoe/15/2019/100RECNX/RCNX0651.JPG,Caribou
19,RCNX0652.JPG,2019/100RECNX,/tank/data/nna/cameraTrap/prudhoe/15/2019/100RECNX/RCNX0652.JPG,Caribou
20,RCNX0653.JPG,2019/100RECNX,/tank/data/nna/cameraTrap/prudhoe/15/2019/100RECNX/RCNX0653.JPG,Caribou
21,RCNX0654.JPG,2019/100RECNX,/tank/data/nna/cameraTrap/prudhoe/15/2019/100RECNX/RCNX0654.JPG,Caribou
22,RCNX0655.JPG,2019/100RECNX,/tank/data/nna/cameraTrap/prudhoe/15/2019/100RECNX/RCNX0655.JPG,Caribou
23,RCNX0656.JPG,2019/100RECNX,/tank/data/nna/cameraTrap/prudhoe/15/2019/100RECNX/RCNX0656.JPG,Caribou
24,RCNX0657.JPG,2019/100RECNX,/tank/data/nna/cameraTrap/prudhoe/15/2019/100RECNX/RCNX0657.JPG,Caribou
25,RCNX0658.JPG,2019/100RECNX,/tank/data/nna/cameraTrap/prudhoe/15/2019/100RECNX/RCNX0658.JPG,Caribou
26,RCNX0659.JPG,2019/100RECNX,/tank/data/nna/cameraTrap/prudhoe/15/2019/100RECNX/RCNX0659.JPG,Caribou
27,RCNX0660.JPG,2019/100RECNX,/tank/data/nna/cameraTrap/prudhoe/15/2019/100RECNX/RCNX0660.JPG,Caribou
28,RCNX0661.JPG,2019/100RECNX,/tank/data/nna/cameraTrap/prudhoe/15/2019/100RECNX/RCNX0661.JPG,Caribou
29,RCNX0662.JPG,2019/100RECNX,/tank/data/nna/cameraTrap/prudhoe/15/2019/100RECNX/RCNX0662.JPG,Caribou
30,RCNX0663.JPG,2019/100RECNX,/tank/data/nna/cameraTrap/prudhoe/15/2019/100RECNX/RCNX0663.JPG,Caribou
31,RCNX0664.JPG,2019/100RECNX,/tank/data/nna/cameraTrap/prudhoe/15/2019/100RECNX/RCNX0664.JPG,Caribou
32,RCNX0665.JPG,2019/100RECNX,/tank/data/nna/cameraTrap/prudhoe/15/2019/100RECNX/RCNX0665.JPG,Caribou
33,RCNX0666.JPG,2019/100RECNX,/tank/data/nna/cameraTrap/prudhoe/15/2019/100RECNX/RCNX0666.JPG,Caribou
34,RCNX0667.JPG,2019/100RECNX,/tank/data/nna/cameraTrap/prudhoe/15/2019/100RECNX/RCNX0667.JPG,Caribou
35,RCNX0668.JPG,2019/100RECNX,/tank/data/nna/cameraTrap/prudhoe/15/2019/100RECNX/RCNX0668.JPG,Caribou
36,RCNX0669.JPG,2019/100RECNX,/tank/data/nna/cameraTrap/prudhoe/15/2019/100RECNX/RCNX0669.JPG,Caribou
37,RCNX0670.JPG,2019/100RECNX,/tank/data/nna/cameraTrap/prudhoe/15/2019/100RECNX/RCNX0670.JPG,Caribou
38,RCNX0671.JPG,2019/100RECNX,/tank/data/nna/cameraTrap/prudhoe/15/2019/100RECNX/RCNX0671.JPG,Caribou
39,RCNX0672.JPG,2019/100RECNX,/tank/data/nna/cameraTrap/prudhoe/15/2019/100RECNX/RCNX0672.JPG,Caribou
40,RCNX0673.JPG,2019/100RECNX,/tank/data/nna/cameraTrap/prudhoe/15/2019/100RECNX/RCNX0673.JPG,Caribou
41,RCNX0674.JPG,2019/100RECNX,/tank/data/nna/cameraTrap/prudhoe/15/2019/100RECNX/RCNX0674.JPG,Caribou
42,RCNX0675.JPG,2019/100RECNX,/tank/data/nna/cameraTrap/prudhoe/15/2019/100RECNX/RCNX0675.JPG,Caribou
43,RCNX0676.JPG,2019/100RECNX,/tank/data/nna/cameraTrap/prudhoe/15/2019/100RECNX/RCNX0676.JPG,Caribou
44,RCNX0677.JPG,2019/100RECNX,/tank/data/nna/cameraTrap/prudhoe/15/2019/100RECNX/RCNX0677.JPG,Caribou
45,RCNX0678.JPG,2019/100RECNX,/tank/data/nna/cameraTrap/prudhoe/15/2019/100RECNX/RCNX0678.JPG,Caribou
46,RCNX0679.JPG,2019/100RECNX,/tank/data/nna/cameraTrap/prudhoe/15/2019/100RECNX/RCNX0679.JPG,Caribou
47,RCNX0680.JPG,2019/100RECNX,/tank/data/nna/cameraTrap/prudhoe/15/2019/100RECNX/RCNX0680.JPG,Caribou
48,RCNX0681.JPG,2019/100RECNX,/tank/data/nna/cameraTrap/prudhoe/15/2019/100RECNX/RCNX0681.JPG,Caribou
49,RCNX0682.JPG,2019/100RECNX,/tank/data/nna/cameraTrap/prudhoe/15/2019/100RECNX/RCNX0682.JPG,Caribou
50,RCNX0683.JPG,2019/100RECNX,/tank/data/nna/cameraTrap/prudhoe/15/2019/100RECNX/RCNX0683.JPG,Caribou
51,RCNX0684.JPG,2019/100RECNX,/tank/data/nna/cameraTrap/prudhoe/15/2019/100RECNX/RCNX0684.JPG,Caribou
52,RCNX0685.JPG,2019/100RECNX,/tank/data/nna/cameraTrap/prudhoe/15/2019/100RECNX/RCNX0685.JPG,Caribou
53,RCNX0686.JPG,2019/100RECNX,/tank/data/nna/cameraTrap/prudhoe/15/2019/100RECNX/RCNX0686.JPG,Caribou
54,RCNX0687.JPG,2019/100RECNX,/tank/data/nna/cameraTrap/prudhoe/15/2019/100RECNX/RCNX0687.JPG,Caribou
55,RCNX0688.JPG,2019/100RECNX,/tank/data/nna/cameraTrap/prudhoe/15/2019/100RECNX/RCNX0688.JPG,Caribou
56,RCNX0689.JPG,2019/100RECNX,/tank/data/nna/cameraTrap/prudhoe/15/2019/100RECNX/RCNX0689.JPG,Caribou
57,RCNX0690.JPG,2019/100RECNX,/tank/data/nna/cameraTrap/prudhoe/15/2019/100RECNX/RCNX0690.JPG,Caribou
58,RCNX0691.JPG,2019/100RECNX,/tank/data/nna/cameraTrap/prudhoe/15/2019/100RECNX/RCNX0691.JPG,Caribou
59,RCNX0692.JPG,2019/100RECNX,/tank/data/nna/cameraTrap/prudhoe/15/2019/100RECNX/RCNX0692.JPG,Caribou
60,RCNX0693.JPG,2019/100RECNX,/tank/data/nna/cameraTrap/prudhoe/15/2019/100RECNX/RCNX0693.JPG,Caribou
61,RCNX0694.JPG,2019/100RECNX,/tank/data/nna/cameraTrap/prudhoe/15/2019/100RECNX/RCNX0694.JPG,Caribou
62,RCNX0695.JPG,2019/100RECNX,/tank/data/nna/cameraTrap/prudhoe/15/2019/100RECNX/RCNX0695.JPG,Caribou
63,RCNX0696.JPG,2019/100RECNX,/tank/data/nna/cameraTrap/prudhoe/15/2019/100RECNX/RCNX0696.JPG,Caribou
64,RCNX0697.JPG,2019/100RECNX,/tank/data/nna/cameraTrap/prudhoe/15/2019/100RECNX/RCNX0697.JPG,Caribou
65,RCNX0698.JPG,2019/100RECNX,/tank/data/nna/cameraTrap/prudhoe/15/2019/100RECNX/RCNX0698.JPG,Caribou
66,RCNX0699.JPG,2019/100RECNX,/tank/data/nna/cameraTrap/prudhoe/15/2019/100RECNX/RCNX0699.JPG,Caribou
67,RCNX0700.JPG,2019/100RECNX,/tank/data/nna/cameraTrap/prudhoe/15/2019/100RECNX/RCNX0700.JPG,Caribou
68,RCNX0701.JPG,2019/100RECNX,/tank/data/nna/cameraTrap/prudhoe/15/2019/100RECNX/RCNX0701.JPG,Caribou
69,RCNX0702.JPG,2019/100RECNX,/tank/data/nna/cameraTrap/prudhoe/15/2019/100RECNX/RCNX0702.JPG,Caribou
70,RCNX0703.JPG,2019/100RECNX,/tank/data/nna/cameraTrap/prudhoe/15/2019/100RECNX/RCNX0703.JPG,Caribou
71,RCNX0704.JPG,2019/100RECNX,/tank/data/nna/cameraTrap/prudhoe/15/2019/100RECNX/RCNX0704.JPG,Caribou
72,RCNX0705.JPG,2019/100RECNX,/tank/data/nna/cameraTrap/prudhoe/15/2019/100RECNX/RCNX0705.JPG,Caribou
73,RCNX0706.JPG,2019/100RECNX,/tank/data/nna/cameraTrap/prudhoe/15/2019/100RECNX/RCNX0706.JPG,Caribou
74,RCNX0707.JPG,2019/100RECNX,/tank/data/nna/cameraTrap/prudhoe/15/2019/100RECNX/RCNX0707.JPG,Caribou
75,RCNX0708.JPG,2019/100RECNX,/tank/data/nna/cameraTrap/prudhoe/15/2019/100RECNX/RCNX0708.JPG,Caribou
76,RCNX0709.JPG,2019/100RECNX,/tank/data/nna/cameraTrap/prudhoe/15/2019/100RECNX/RCNX0709.JPG,Caribou
77,RCNX0710.JPG,2019/100RECNX,/tank/data/nna/cameraTrap/prudhoe/15/2019/100RECNX/RCNX0710.JPG,Caribou
78,RCNX0849.JPG,2019/100RECNX,/tank/data/nna/cameraTrap/prudhoe/15/2019/100RECNX/RCNX0849.JPG,Caribou
79,RCNX0850.JPG,2019/100RECNX,/tank/data/nna/cameraTrap/prudhoe/15/2019/100RECNX/RCNX0850.JPG,Caribou
80,RCNX0851.JPG,2019/100RECNX,/tank/data/nna/cameraTrap/prudhoe/15/2019/100RECNX/RCNX0851.JPG,Caribou
81,RCNX0857.JPG,2019/100RECNX,/tank/data/nna/cameraTrap/prudhoe/15/2019/100RECNX/RCNX0857.JPG,Caribou
82,RCNX0859.JPG,2019/100RECNX,/tank/data/nna/cameraTrap/prudhoe/15/2019/100RECNX/RCNX0859.JPG,Caribou
83,RCNX1021.JPG,2019/100RECNX,/tank/data/nna/cameraTrap/prudhoe/15/2019/100RECNX/RCNX1021.JPG,Caribou
84,RCNX1022.JPG,2019/100RECNX,/tank/data/nna/cameraTrap/prudhoe/15/2019/100RECNX/RCNX1022.JPG,Caribou
85,RCNX1023.JPG,2019/100RECNX,/tank/data/nna/cameraTrap/prudhoe/15/2019/100RECNX/RCNX1023.JPG,Caribou
86,RCNX1024.JPG,2019/100RECNX,/tank/data/nna/cameraTrap/prudhoe/15/2019/100RECNX/RCNX1024.JPG,Caribou
87,RCNX1025.JPG,2019/100RECNX,/tank/data/nna/cameraTrap/prudhoe/15/2019/100RECNX/RCNX1025.JPG,Caribou
88,RCNX1026.JPG,2019/100RECNX,/tank/data/nna/cameraTrap/prudhoe/15/2019/100RECNX/RCNX1026.JPG,Caribou
89,RCNX1027.JPG,2019/100RECNX,/tank/data/nna/cameraTrap/prudhoe/15/2019/100RECNX/RCNX1027.JPG,Caribou
90,RCNX1028.JPG,2019/100RECNX,/tank/data/nna/cameraTrap/prudhoe/15/2019/100RECNX/RCNX1028.JPG,Caribou
91,RCNX1029.JPG,2019/100RECNX,/tank/data/nna/cameraTrap/prudhoe/15/2019/100RECNX/RCNX1029.JPG,Caribou
92,RCNX1030.JPG,2019/100RECNX,/tank/data/nna/cameraTrap/prudhoe/15/2019/100RECNX/RCNX1030.JPG,Caribou
93,RCNX1031.JPG,2019/100RECNX,/tank/data/nna/cameraTrap/prudhoe/15/2019/100RECNX/RCNX1031.JPG,Caribou
94,RCNX1032.JPG,2019/100RECNX,/tank/data/nna/cameraTrap/prudhoe/15/2019/100RECNX/RCNX1032.JPG,Caribou
95,RCNX1033.JPG,2019/100RECNX,/tank/data/nna/cameraTrap/prudhoe/15/2019/100RECNX/RCNX1033.JPG,Caribou
96,RCNX1034.JPG,2019/100RECNX,/tank/data/nna/cameraTrap/prudhoe/15/2019/100RECNX/RCNX1034.JPG,Caribou
97,RCNX1035.JPG,2019/100RECNX,/tank/data/nna/cameraTrap/prudhoe/15/2019/100RECNX/RCNX1035.JPG,Caribou
98,RCNX1036.JPG,2019/100RECNX,/tank/data/nna/cameraTrap/prudhoe/15/2019/100RECNX/RCNX1036.JPG,Caribou
99,RCNX1037.JPG,2019/100RECNX,/tank/data/nna/cameraTrap/prudhoe/15/2019/100RECNX/RCNX1037.JPG,Caribou
100,RCNX1038.JPG,2019/100RECNX,/tank/data/nna/cameraTrap/prudhoe/15/2019/100RECNX/RCNX1038.JPG,Caribou
101,RCNX1043.JPG,2019/100RECNX,/tank/data/nna/cameraTrap/prudhoe/15/2019/100RECNX/RCNX1043.JPG,Caribou
102,RCNX1044.JPG,2019/100RECNX,/tank/data/nna/cameraTrap/prudhoe/15/2019/100RECNX/RCNX1044.JPG,Caribou
103,RCNX1141.JPG,2019/100RECNX,/tank/data/nna/cameraTrap/prudhoe/15/2019/100RECNX/RCNX1141.JPG,Human
104,RCNX1391.JPG,2019/100RECNX,/tank/data/nna/cameraTrap/prudhoe/15/2019/100RECNX/RCNX1391.JPG,Other
105,RCNX1392.JPG,2019/100RECNX,/tank/data/nna/cameraTrap/prudhoe/15/2019/100RECNX/RCNX1392.JPG,Other
106,RCNX1415.JPG,2019/100RECNX,/tank/data/nna/cameraTrap/prudhoe/15/2019/100RECNX/RCNX1415.JPG,Fox
107,RCNX1487.JPG,2019/100RECNX,/tank/data/nna/cameraTrap/prudhoe/15/2019/100RECNX/RCNX1487.JPG,Caribou
108,RCNX1488.JPG,2019/100RECNX,/tank/data/nna/cameraTrap/prudhoe/15/2019/100RECNX/RCNX1488.JPG,Caribou
109,RCNX1489.JPG,2019/100RECNX,/tank/data/nna/cameraTrap/prudhoe/15/2019/100RECNX/RCNX1489.JPG,Caribou
110,RCNX1490.JPG,2019/100RECNX,/tank/data/nna/cameraTrap/prudhoe/15/2019/100RECNX/RCNX1490.JPG,Caribou
111,RCNX1492.JPG,2019/100RECNX,/tank/data/nna/cameraTrap/prudhoe/15/2019/100RECNX/RCNX1492.JPG,Caribou
112,RCNX1493.JPG,2019/100RECNX,/tank/data/nna/cameraTrap/prudhoe/15/2019/100RECNX/RCNX1493.JPG,Caribou
113,RCNX1494.JPG,2019/100RECNX,/tank/data/nna/cameraTrap/prudhoe/15/2019/100RECNX/RCNX1494.JPG,Caribou
114,RCNX1495.JPG,2019/100RECNX,/tank/data/nna/cameraTrap/prudhoe/15/2019/100RECNX/RCNX1495.JPG,Caribou
115,RCNX1496.JPG,2019/100RECNX,/tank/data/nna/cameraTrap/prudhoe/15/2019/100RECNX/RCNX1496.JPG,Caribou
116,RCNX1497.JPG,2019/100RECNX,/tank/data/nna/cameraTrap/prudhoe/15/2019/100RECNX/RCNX1497.JPG,Caribou
117,RCNX1498.JPG,2019/100RECNX,/tank/data/nna/cameraTrap/prudhoe/15/2019/100RECNX/RCNX1498.JPG,Caribou
118,RCNX1499.JPG,2019/100RECNX,/tank/data/nna/cameraTrap/prudhoe/15/2019/100RECNX/RCNX1499.JPG,Caribou
119,RCNX1500.JPG,2019/100RECNX,/tank/data/nna/cameraTrap/prudhoe/15/2019/100RECNX/RCNX1500.JPG,Caribou
120,RCNX1501.JPG,2019/100RECNX,/tank/data/nna/cameraTrap/prudhoe/15/2019/100RECNX/RCNX1501.JPG,Caribou
121,RCNX1502.JPG,2019/100RECNX,/tank/data/nna/cameraTrap/prudhoe/15/2019/100RECNX/RCNX1502.JPG,Caribou
122,RCNX1503.JPG,2019/100RECNX,/tank/data/nna/cameraTrap/prudhoe/15/2019/100RECNX/RCNX1503.JPG,Caribou
123,RCNX1504.JPG,2019/100RECNX,/tank/data/nna/cameraTrap/prudhoe/15/2019/100RECNX/RCNX1504.JPG,Caribou
124,RCNX1505.JPG,2019/100RECNX,/tank/data/nna/cameraTrap/prudhoe/15/2019/100RECNX/RCNX1505.JPG,Caribou
125,RCNX1506.JPG,2019/100RECNX,/tank/data/nna/cameraTrap/prudhoe/15/2019/100RECNX/RCNX1506.JPG,Caribou
126,RCNX1507.JPG,2019/100RECNX,/tank/data/nna/cameraTrap/prudhoe/15/2019/100RECNX/RCNX1507.JPG,Caribou
127,RCNX1508.JPG,2019/100RECNX,/tank/data/nna/cameraTrap/prudhoe/15/2019/100RECNX/RCNX1508.JPG,Caribou
128,RCNX1509.JPG,2019/100RECNX,/tank/data/nna/cameraTrap/prudhoe/15/2019/100RECNX/RCNX1509.JPG,Caribou
129,RCNX1510.JPG,2019/100RECNX,/tank/data/nna/cameraTrap/prudhoe/15/2019/100RECNX/RCNX1510.JPG,Caribou
130,RCNX1511.JPG,2019/100RECNX,/tank/data/nna/cameraTrap/prudhoe/15/2019/100RECNX/RCNX1511.JPG,Caribou
131,RCNX1512.JPG,2019/100RECNX,/tank/data/nna/cameraTrap/prudhoe/15/2019/100RECNX/RCNX1512.JPG,Caribou
132,RCNX1513.JPG,2019/100RECNX,/tank/data/nna/cameraTrap/prudhoe/15/2019/100RECNX/RCNX1513.JPG,Caribou
133,RCNX1514.JPG,2019/100RECNX,/tank/data/nna/cameraTrap/prudhoe/15/2019/100RECNX/RCNX1514.JPG,Caribou
134,RCNX1515.JPG,2019/100RECNX,/tank/data/nna/cameraTrap/prudhoe/15/2019/100RECNX/RCNX1515.JPG,Caribou
135,RCNX1516.JPG,2019/100RECNX,/tank/data/nna/cameraTrap/prudhoe/15/2019/100RECNX/RCNX1516.JPG,Caribou
136,RCNX1517.JPG,2019/100RECNX,/tank/data/nna/cameraTrap/prudhoe/15/2019/100RECNX/RCNX1517.JPG,Caribou
137,RCNX1518.JPG,2019/100RECNX,/tank/data/nna/cameraTrap/prudhoe/15/2019/100RECNX/RCNX1518.JPG,Caribou
138,RCNX1519.JPG,2019/100RECNX,/tank/data/nna/cameraTrap/prudhoe/15/2019/100RECNX/RCNX1519.JPG,Caribou
139,RCNX1520.JPG,2019/100RECNX,/tank/data/nna/cameraTrap/prudhoe/15/2019/100RECNX/RCNX1520.JPG,Caribou
140,RCNX1521.JPG,2019/100RECNX,/tank/data/nna/cameraTrap/prudhoe/15/2019/100RECNX/RCNX1521.JPG,Caribou
141,RCNX1522.JPG,2019/100RECNX,/tank/data/nna/cameraTrap/prudhoe/15/2019/100RECNX/RCNX1522.JPG,Caribou
142,RCNX1523.JPG,2019/100RECNX,/tank/data/nna/cameraTrap/prudhoe/15/2019/100RECNX/RCNX1523.JPG,Caribou
143,RCNX1524.JPG,2019/100RECNX,/tank/data/nna/cameraTrap/prudhoe/15/2019/100RECNX/RCNX1524.JPG,Caribou
144,RCNX1525.JPG,2019/100RECNX,/tank/data/nna/cameraTrap/prudhoe/15/2019/100RECNX/RCNX1525.JPG,Caribou
145,RCNX1526.JPG,2019/100RECNX,/tank/data/nna/cameraTrap/prudhoe/15/2019/100RECNX/RCNX1526.JPG,Caribou
146,RCNX1527.JPG,2019/100RECNX,/tank/data/nna/cameraTrap/prudhoe/15/2019/100RECNX/RCNX1527.JPG,Caribou
147,RCNX1528.JPG,2019/100RECNX,/tank/data/nna/cameraTrap/prudhoe/15/2019/100RECNX/RCNX1528.JPG,Caribou
148,RCNX1529.JPG,2019/100RECNX,/tank/data/nna/cameraTrap/prudhoe/15/2019/100RECNX/RCNX1529.JPG,Caribou
149,RCNX1530.JPG,2019/100RECNX,/tank/data/nna/cameraTrap/prudhoe/15/2019/100RECNX/RCNX1530.JPG,Caribou
150,RCNX1531.JPG,2019/100RECNX,/tank/data/nna/cameraTrap/prudhoe/15/2019/100RECNX/RCNX1531.JPG,Caribou
151,RCNX1532.JPG,2019/100RECNX,/tank/data/nna/cameraTrap/prudhoe/15/2019/100RECNX/RCNX1532.JPG,Caribou
152,RCNX1533.JPG,2019/100RECNX,/tank/data/nna/cameraTrap/prudhoe/15/2019/100RECNX/RCNX1533.JPG,Caribou
153,RCNX1534.JPG,2019/100RECNX,/tank/data/nna/cameraTrap/prudhoe/15/2019/100RECNX/RCNX1534.JPG,Caribou
154,RCNX1535.JPG,2019/100RECNX,/tank/data/nna/cameraTrap/prudhoe/15/2019/100RECNX/RCNX1535.JPG,Caribou
155,RCNX1582.JPG,2019/100RECNX,/tank/data/nna/cameraTrap/prudhoe/15/2019/100RECNX/RCNX1582.JPG,Caribou
156,RCNX1583.JPG,2019/100RECNX,/tank/data/nna/cameraTrap/prudhoe/15/2019/100RECNX/RCNX1583.JPG,Caribou
157,RCNX1584.JPG,2019/100RECNX,/tank/data/nna/cameraTrap/prudhoe/15/2019/100RECNX/RCNX1584.JPG,Caribou
158,RCNX1656.JPG,2019/100RECNX,/tank/data/nna/cameraTrap/prudhoe/15/2019/100RECNX/RCNX1656.JPG,Other
159,RCNX1657.JPG,2019/100RECNX,/tank/data/nna/cameraTrap/prudhoe/15/2019/100RECNX/RCNX1657.JPG,Other
160,RCNX1658.JPG,2019/100RECNX,/tank/data/nna/cameraTrap/prudhoe/15/2019/100RECNX/RCNX1658.JPG,Other
161,RCNX1659.JPG,2019/100RECNX,/tank/data/nna/cameraTrap/prudhoe/15/2019/100RECNX/RCNX1659.JPG,Other
162,RCNX1660.JPG,2019/100RECNX,/tank/data/nna/cameraTrap/prudhoe/15/2019/100RECNX/RCNX1660.JPG,Other
163,RCNX1661.JPG,2019/100RECNX,/tank/data/nna/cameraTrap/prudhoe/15/2019/100RECNX/RCNX1661.JPG,Other
164,RCNX1662.JPG,2019/100RECNX,/tank/data/nna/cameraTrap/prudhoe/15/2019/100RECNX/RCNX1662.JPG,Other
165,RCNX1663.JPG,2019/100RECNX,/tank/data/nna/cameraTrap/prudhoe/15/2019/100RECNX/RCNX1663.JPG,Other
166,RCNX1664.JPG,2019/100RECNX,/tank/data/nna/cameraTrap/prudhoe/15/2019/100RECNX/RCNX1664.JPG,Other
167,RCNX1710.JPG,2019/100RECNX,/tank/data/nna/cameraTrap/prudhoe/15/2019/100RECNX/RCNX1710.JPG,Other
168,RCNX2155.JPG,2019/100RECNX,/tank/data/nna/cameraTrap/prudhoe/15/2019/100RECNX/RCNX2155.JPG,Songbird
169,RCNX2249.JPG,2019/100RECNX,/tank/data/nna/cameraTrap/prudhoe/15/2019/100RECNX/RCNX2249.JPG,Upland_Game_Bird
170,RCNX2298.JPG,2019/100RECNX,/tank/data/nna/cameraTrap/prudhoe/15/2019/100RECNX/RCNX2298.JPG,Human
171,RCNX2314.JPG,2019/100RECNX,/tank/data/nna/cameraTrap/prudhoe/15/2019/100RECNX/RCNX2314.JPG,Human
172,RCNX2405.JPG,2019/100RECNX,/tank/data/nna/cameraTrap/prudhoe/15/2019/100RECNX/RCNX2405.JPG,Other
173,RCNX2428.JPG,2019/100RECNX,/tank/data/nna/cameraTrap/prudhoe/15/2019/100RECNX/RCNX2428.JPG,Other
174,RCNX2533.JPG,2019/100RECNX,/tank/data/nna/cameraTrap/prudhoe/15/2019/100RECNX/RCNX2533.JPG,Human
175,RCNX2538.JPG,2019/100RECNX,/tank/data/nna/cameraTrap/prudhoe/15/2019/100RECNX/RCNX2538.JPG,Human
176,RCNX3039.JPG,2019/100RECNX,/tank/data/nna/cameraTrap/prudhoe/15/2019/100RECNX/RCNX3039.JPG,Human
177,RCNX3045.JPG,2019/100RECNX,/tank/data/nna/cameraTrap/prudhoe/15/2019/100RECNX/RCNX3045.JPG,Human
178,RCNX3095.JPG,2019/100RECNX,/tank/data/nna/cameraTrap/prudhoe/15/2019/100RECNX/RCNX3095.JPG,Other
179,RCNX3096.JPG,2019/100RECNX,/tank/data/nna/cameraTrap/prudhoe/15/2019/100RECNX/RCNX3096.JPG,Other
180,RCNX3097.JPG,2019/100RECNX,/tank/data/nna/cameraTrap/prudhoe/15/2019/100RECNX/RCNX3097.JPG,Other
181,RCNX3450.JPG,2019/100RECNX,/tank/data/nna/cameraTrap/prudhoe/15/2019/100RECNX/RCNX3450.JPG,Other
182,RCNX3450.JPG,2019/100RECNX,/tank/data/nna/cameraTrap/prudhoe/15/2019/100RECNX/RCNX3450.JPG,Upland_Game_Bird
183,RCNX3686.JPG,2019/100RECNX,/tank/data/nna/cameraTrap/prudhoe/15/2019/100RECNX/RCNX3686.JPG,Songbird
184,RCNX3695.JPG,2019/100RECNX,/tank/data/nna/cameraTrap/prudhoe/15/2019/100RECNX/RCNX3695.JPG,Other
185,RCNX3696.JPG,2019/100RECNX,/tank/data/nna/cameraTrap/prudhoe/15/2019/100RECNX/RCNX3696.JPG,Other
186,RCNX3807.JPG,2019/100RECNX,/tank/data/nna/cameraTrap/prudhoe/15/2019/100RECNX/RCNX3807.JPG,Upland_Game_Bird
187,RCNX3811.JPG,2019/100RECNX,/tank/data/nna/cameraTrap/prudhoe/15/2019/100RECNX/RCNX3811.JPG,Upland_Game_Bird
188,RCNX3812.JPG,2019/100RECNX,/tank/data/nna/cameraTrap/prudhoe/15/2019/100RECNX/RCNX3812.JPG,Upland_Game_Bird
189,RCNX3813.JPG,2019/100RECNX,/tank/data/nna/cameraTrap/prudhoe/15/2019/100RECNX/RCNX3813.JPG,Upland_Game_Bird
190,RCNX3884.JPG,2019/100RECNX,/tank/data/nna/cameraTrap/prudhoe/15/2019/100RECNX/RCNX3884.JPG,Human
191,RCNX4150.JPG,2019/100RECNX,/tank/data/nna/cameraTrap/prudhoe/15/2019/100RECNX/RCNX4150.JPG,Sea_Shore_Bird
192,RCNX4214.JPG,2019/100RECNX,/tank/data/nna/cameraTrap/prudhoe/15/2019/100RECNX/RCNX4214.JPG,Caribou
193,RCNX4215.JPG,2019/100RECNX,/tank/data/nna/cameraTrap/prudhoe/15/2019/100RECNX/RCNX4215.JPG,Caribou
194,RCNX4216.JPG,2019/100RECNX,/tank/data/nna/cameraTrap/prudhoe/15/2019/100RECNX/RCNX4216.JPG,Caribou
195,RCNX4217.JPG,2019/100RECNX,/tank/data/nna/cameraTrap/prudhoe/15/2019/100RECNX/RCNX4217.JPG,Caribou
196,RCNX4218.JPG,2019/100RECNX,/tank/data/nna/cameraTrap/prudhoe/15/2019/100RECNX/RCNX4218.JPG,Caribou
197,RCNX4219.JPG,2019/100RECNX,/tank/data/nna/cameraTrap/prudhoe/15/2019/100RECNX/RCNX4219.JPG,Caribou
198,RCNX4220.JPG,2019/100RECNX,/tank/data/nna/cameraTrap/prudhoe/15/2019/100RECNX/RCNX4220.JPG,Caribou
199,RCNX4221.JPG,2019/100RECNX,/tank/data/nna/cameraTrap/prudhoe/15/2019/100RECNX/RCNX4221.JPG,Caribou
200,RCNX4222.JPG,2019/100RECNX,/tank/data/nna/cameraTrap/prudhoe/15/2019/100RECNX/RCNX4222.JPG,Caribou
201,RCNX4252.JPG,2019/100RECNX,/tank/data/nna/cameraTrap/prudhoe/15/2019/100RECNX/RCNX4252.JPG,Songbird
202,RCNX4253.JPG,2019/100RECNX,/tank/data/nna/cameraTrap/prudhoe/15/2019/100RECNX/RCNX4253.JPG,Songbird
203,RCNX4254.JPG,2019/100RECNX,/tank/data/nna/cameraTrap/prudhoe/15/2019/100RECNX/RCNX4254.JPG,Songbird
204,RCNX4674.JPG,2019/100RECNX,/tank/data/nna/cameraTrap/prudhoe/15/2019/100RECNX/RCNX4674.JPG,Other
205,RCNX4820.JPG,2019/100RECNX,/tank/data/nna/cameraTrap/prudhoe/15/2019/100RECNX/RCNX4820.JPG,Songbird
206,RCNX4822.JPG,2019/100RECNX,/tank/data/nna/cameraTrap/prudhoe/15/2019/100RECNX/RCNX4822.JPG,Songbird
207,RCNX4829.JPG,2019/100RECNX,/tank/data/nna/cameraTrap/prudhoe/15/2019/100RECNX/RCNX4829.JPG,Human
208,RCNX4898.JPG,2019/100RECNX,/tank/data/nna/cameraTrap/prudhoe/15/2019/100RECNX/RCNX4898.JPG,Songbird
209,RCNX4899.JPG,2019/100RECNX,/tank/data/nna/cameraTrap/prudhoe/15/2019/100RECNX/RCNX4899.JPG,Songbird
210,RCNX4974.JPG,2019/100RECNX,/tank/data/nna/cameraTrap/prudhoe/15/2019/100RECNX/RCNX4974.JPG,Human
211,RCNX4980.JPG,2019/100RECNX,/tank/data/nna/cameraTrap/prudhoe/15/2019/100RECNX/RCNX4980.JPG,Human
212,RCNX5002.JPG,2019/100RECNX,/tank/data/nna/cameraTrap/prudhoe/15/2019/100RECNX/RCNX5002.JPG,Caribou
213,RCNX5003.JPG,2019/100RECNX,/tank/data/nna/cameraTrap/prudhoe/15/2019/100RECNX/RCNX5003.JPG,Caribou
214,RCNX5112.JPG,2019/100RECNX,/tank/data/nna/cameraTrap/prudhoe/15/2019/100RECNX/RCNX5112.JPG,Caribou
215,RCNX5113.JPG,2019/100RECNX,/tank/data/nna/cameraTrap/prudhoe/15/2019/100RECNX/RCNX5113.JPG,Caribou
216,RCNX5114.JPG,2019/100RECNX,/tank/data/nna/cameraTrap/prudhoe/15/2019/100RECNX/RCNX5114.JPG,Caribou
217,RCNX5215.JPG,2019/100RECNX,/tank/data/nna/cameraTrap/prudhoe/15/2019/100RECNX/RCNX5215.JPG,Human
218,RCNX5279.JPG,2019/100RECNX,/tank/data/nna/cameraTrap/prudhoe/15/2019/100RECNX/RCNX5279.JPG,Upland_Game_Bird
219,RCNX5280.JPG,2019/100RECNX,/tank/data/nna/cameraTrap/prudhoe/15/2019/100RECNX/RCNX5280.JPG,Upland_Game_Bird
220,RCNX5412.JPG,2019/100RECNX,/tank/data/nna/cameraTrap/prudhoe/15/2019/100RECNX/RCNX5412.JPG,Songbird
221,RCNX5413.JPG,2019/100RECNX,/tank/data/nna/cameraTrap/prudhoe/15/2019/100RECNX/RCNX5413.JPG,Songbird
222,RCNX5417.JPG,2019/100RECNX,/tank/data/nna/cameraTrap/prudhoe/15/2019/100RECNX/RCNX5417.JPG,Caribou
223,RCNX5418.JPG,2019/100RECNX,/tank/data/nna/cameraTrap/prudhoe/15/2019/100RECNX/RCNX5418.JPG,Caribou
224,RCNX5419.JPG,2019/100RECNX,/tank/data/nna/cameraTrap/prudhoe/15/2019/100RECNX/RCNX5419.JPG,Caribou
225,RCNX5560.JPG,2019/100RECNX,/tank/data/nna/cameraTrap/prudhoe/15/2019/100RECNX/RCNX5560.JPG,Other
226,RCNX5561.JPG,2019/100RECNX,/tank/data/nna/cameraTrap/prudhoe/15/2019/100RECNX/RCNX5561.JPG,Other
227,RCNX5562.JPG,2019/100RECNX,/tank/data/nna/cameraTrap/prudhoe/15/2019/100RECNX/RCNX5562.JPG,Other
228,RCNX5706.JPG,2019/100RECNX,/tank/data/nna/cameraTrap/prudhoe/15/2019/100RECNX/RCNX5706.JPG,Songbird
229,RCNX5729.JPG,2019/100RECNX,/tank/data/nna/cameraTrap/prudhoe/15/2019/100RECNX/RCNX5729.JPG,Human
230,RCNX5754.JPG,2019/100RECNX,/tank/data/nna/cameraTrap/prudhoe/15/2019/100RECNX/RCNX5754.JPG,Human
231,RCNX5778.JPG,2019/100RECNX,/tank/data/nna/cameraTrap/prudhoe/15/2019/100RECNX/RCNX5778.JPG,Other
232,RCNX5779.JPG,2019/100RECNX,/tank/data/nna/cameraTrap/prudhoe/15/2019/100RECNX/RCNX5779.JPG,Caribou
233,RCNX5889.JPG,2019/100RECNX,/tank/data/nna/cameraTrap/prudhoe/15/2019/100RECNX/RCNX5889.JPG,Other
234,RCNX5950.JPG,2019/100RECNX,/tank/data/nna/cameraTrap/prudhoe/15/2019/100RECNX/RCNX5950.JPG,Other
235,RCNX5967.JPG,2019/100RECNX,/tank/data/nna/cameraTrap/prudhoe/15/2019/100RECNX/RCNX5967.JPG,Human
236,RCNX5977.JPG,2019/100RECNX,/tank/data/nna/cameraTrap/prudhoe/15/2019/100RECNX/RCNX5977.JPG,Other
237,RCNX5980.JPG,2019/100RECNX,/tank/data/nna/cameraTrap/prudhoe/15/2019/100RECNX/RCNX5980.JPG,Songbird
238,RCNX6069.JPG,2019/100RECNX,/tank/data/nna/cameraTrap/prudhoe/15/2019/100RECNX/RCNX6069.JPG,Songbird
239,RCNX6074.JPG,2019/100RECNX,/tank/data/nna/cameraTrap/prudhoe/15/2019/100RECNX/RCNX6074.JPG,Sea_Shore_Bird
240,RCNX6261.JPG,2019/100RECNX,/tank/data/nna/cameraTrap/prudhoe/15/2019/100RECNX/RCNX6261.JPG,Sea_Shore_Bird
241,RCNX6277.JPG,2019/100RECNX,/tank/data/nna/cameraTrap/prudhoe/15/2019/100RECNX/RCNX6277.JPG,Songbird
242,RCNX6313.JPG,2019/100RECNX,/tank/data/nna/cameraTrap/prudhoe/15/2019/100RECNX/RCNX6313.JPG,Sea_Shore_Bird
243,RCNX6316.JPG,2019/100RECNX,/tank/data/nna/cameraTrap/prudhoe/15/2019/100RECNX/RCNX6316.JPG,Songbird
244,RCNX6323.JPG,2019/100RECNX,/tank/data/nna/cameraTrap/prudhoe/15/2019/100RECNX/RCNX6323.JPG,Sea_Shore_Bird
245,RCNX6324.JPG,2019/100RECNX,/tank/data/nna/cameraTrap/prudhoe/15/2019/100RECNX/RCNX6324.JPG,Sea_Shore_Bird
246,RCNX6325.JPG,2019/100RECNX,/tank/data/nna/cameraTrap/prudhoe/15/2019/100RECNX/RCNX6325.JPG,Sea_Shore_Bird
247,RCNX6326.JPG,2019/100RECNX,/tank/data/nna/cameraTrap/prudhoe/15/2019/100RECNX/RCNX6326.JPG,Sea_Shore_Bird
248,RCNX6378.JPG,2019/100RECNX,/tank/data/nna/cameraTrap/prudhoe/15/2019/100RECNX/RCNX6378.JPG,Sea_Shore_Bird
249,RCNX6507.JPG,2019/100RECNX,/tank/data/nna/cameraTrap/prudhoe/15/2019/100RECNX/RCNX6507.JPG,Songbird
250,RCNX6544.JPG,2019/100RECNX,/tank/data/nna/cameraTrap/prudhoe/15/2019/100RECNX/RCNX6544.JPG,Other
251,RCNX6819.JPG,2019/100RECNX,/tank/data/nna/cameraTrap/prudhoe/15/2019/100RECNX/RCNX6819.JPG,Human
252,RCNX6851.JPG,2019/100RECNX,/tank/data/nna/cameraTrap/prudhoe/15/2019/100RECNX/RCNX6851.JPG,Sea_Shore_Bird
253,RCNX6867.JPG,2019/100RECNX,/tank/data/nna/cameraTrap/prudhoe/15/2019/100RECNX/RCNX6867.JPG,Sea_Shore_Bird
254,RCNX6909.JPG,2019/100RECNX,/tank/data/nna/cameraTrap/prudhoe/15/2019/100RECNX/RCNX6909.JPG,Sea_Shore_Bird
255,RCNX7026.JPG,2019/100RECNX,/tank/data/nna/cameraTrap/prudhoe/15/2019/100RECNX/RCNX7026.JPG,Other
256,RCNX7066.JPG,2019/100RECNX,/tank/data/nna/cameraTrap/prudhoe/15/2019/100RECNX/RCNX7066.JPG,Upland_Game_Bird
257,RCNX7086.JPG,2019/100RECNX,/tank/data/nna/cameraTrap/prudhoe/15/2019/100RECNX/RCNX7086.JPG,Upland_Game_Bird
258,RCNX7087.JPG,2019/100RECNX,/tank/data/nna/cameraTrap/prudhoe/15/2019/100RECNX/RCNX7087.JPG,Upland_Game_Bird
259,RCNX7088.JPG,2019/100RECNX,/tank/data/nna/cameraTrap/prudhoe/15/2019/100RECNX/RCNX7088.JPG,Upland_Game_Bird
260,RCNX7089.JPG,2019/100RECNX,/tank/data/nna/cameraTrap/prudhoe/15/2019/100RECNX/RCNX7089.JPG,Upland_Game_Bird
261,RCNX7090.JPG,2019/100RECNX,/tank/data/nna/cameraTrap/prudhoe/15/2019/100RECNX/RCNX7090.JPG,Upland_Game_Bird
262,RCNX7091.JPG,2019/100RECNX,/tank/data/nna/cameraTrap/prudhoe/15/2019/100RECNX/RCNX7091.JPG,Upland_Game_Bird
263,RCNX7092.JPG,2019/100RECNX,/tank/data/nna/cameraTrap/prudhoe/15/2019/100RECNX/RCNX7092.JPG,Upland_Game_Bird
264,RCNX7093.JPG,2019/100RECNX,/tank/data/nna/cameraTrap/prudhoe/15/2019/100RECNX/RCNX7093.JPG,Upland_Game_Bird
265,RCNX7094.JPG,2019/100RECNX,/tank/data/nna/cameraTrap/prudhoe/15/2019/100RECNX/RCNX7094.JPG,Upland_Game_Bird
266,RCNX7104.JPG,2019/100RECNX,/tank/data/nna/cameraTrap/prudhoe/15/2019/100RECNX/RCNX7104.JPG,Sea_Shore_Bird
267,RCNX7119.JPG,2019/100RECNX,/tank/data/nna/cameraTrap/prudhoe/15/2019/100RECNX/RCNX7119.JPG,Sea_Shore_Bird
268,RCNX7155.JPG,2019/100RECNX,/tank/data/nna/cameraTrap/prudhoe/15/2019/100RECNX/RCNX7155.JPG,Human
269,RCNX7275.JPG,2019/100RECNX,/tank/data/nna/cameraTrap/prudhoe/15/2019/100RECNX/RCNX7275.JPG,Human
270,RCNX7282.JPG,2019/100RECNX,/tank/data/nna/cameraTrap/prudhoe/15/2019/100RECNX/RCNX7282.JPG,Sea_Shore_Bird
271,RCNX7283.JPG,2019/100RECNX,/tank/data/nna/cameraTrap/prudhoe/15/2019/100RECNX/RCNX7283.JPG,Human
272,RCNX7283.JPG,2019/100RECNX,/tank/data/nna/cameraTrap/prudhoe/15/2019/100RECNX/RCNX7283.JPG,Sea_Shore_Bird
273,RCNX7284.JPG,2019/100RECNX,/tank/data/nna/cameraTrap/prudhoe/15/2019/100RECNX/RCNX7284.JPG,Sea_Shore_Bird
274,RCNX7285.JPG,2019/100RECNX,/tank/data/nna/cameraTrap/prudhoe/15/2019/100RECNX/RCNX7285.JPG,Sea_Shore_Bird
275,RCNX7286.JPG,2019/100RECNX,/tank/data/nna/cameraTrap/prudhoe/15/2019/100RECNX/RCNX7286.JPG,Sea_Shore_Bird
276,RCNX7308.JPG,2019/100RECNX,/tank/data/nna/cameraTrap/prudhoe/15/2019/100RECNX/RCNX7308.JPG,Human
277,RCNX7827.JPG,2019/100RECNX,/tank/data/nna/cameraTrap/prudhoe/15/2019/100RECNX/RCNX7827.JPG,Sea_Shore_Bird
278,RCNX7828.JPG,2019/100RECNX,/tank/data/nna/cameraTrap/prudhoe/15/2019/100RECNX/RCNX7828.JPG,Sea_Shore_Bird
279,RCNX7829.JPG,2019/100RECNX,/tank/data/nna/cameraTrap/prudhoe/15/2019/100RECNX/RCNX7829.JPG,Sea_Shore_Bird
280,RCNX7830.JPG,2019/100RECNX,/tank/data/nna/cameraTrap/prudhoe/15/2019/100RECNX/RCNX7830.JPG,Sea_Shore_Bird
281,RCNX7831.JPG,2019/100RECNX,/tank/data/nna/cameraTrap/prudhoe/15/2019/100RECNX/RCNX7831.JPG,Sea_Shore_Bird
282,RCNX7832.JPG,2019/100RECNX,/tank/data/nna/cameraTrap/prudhoe/15/2019/100RECNX/RCNX7832.JPG,Sea_Shore_Bird
283,RCNX7833.JPG,2019/100RECNX,/tank/data/nna/cameraTrap/prudhoe/15/2019/100RECNX/RCNX7833.JPG,Sea_Shore_Bird
284,RCNX7834.JPG,2019/100RECNX,/tank/data/nna/cameraTrap/prudhoe/15/2019/100RECNX/RCNX7834.JPG,Sea_Shore_Bird
285,RCNX7835.JPG,2019/100RECNX,/tank/data/nna/cameraTrap/prudhoe/15/2019/100RECNX/RCNX7835.JPG,Sea_Shore_Bird
286,RCNX7836.JPG,2019/100RECNX,/tank/data/nna/cameraTrap/prudhoe/15/2019/100RECNX/RCNX7836.JPG,Sea_Shore_Bird
287,RCNX7837.JPG,2019/100RECNX,/tank/data/nna/cameraTrap/prudhoe/15/2019/100RECNX/RCNX7837.JPG,Sea_Shore_Bird
288,RCNX7838.JPG,2019/100RECNX,/tank/data/nna/cameraTrap/prudhoe/15/2019/100RECNX/RCNX7838.JPG,Sea_Shore_Bird
289,RCNX7839.JPG,2019/100RECNX,/tank/data/nna/cameraTrap/prudhoe/15/2019/100RECNX/RCNX7839.JPG,Sea_Shore_Bird
290,RCNX7840.JPG,2019/100RECNX,/tank/data/nna/cameraTrap/prudhoe/15/2019/100RECNX/RCNX7840.JPG,Sea_Shore_Bird
291,RCNX7841.JPG,2019/100RECNX,/tank/data/nna/cameraTrap/prudhoe/15/2019/100RECNX/RCNX7841.JPG,Sea_Shore_Bird
292,RCNX7842.JPG,2019/100RECNX,/tank/data/nna/cameraTrap/prudhoe/15/2019/100RECNX/RCNX7842.JPG,Sea_Shore_Bird
293,RCNX7843.JPG,2019/100RECNX,/tank/data/nna/cameraTrap/prudhoe/15/2019/100RECNX/RCNX7843.JPG,Sea_Shore_Bird
294,RCNX7941.JPG,2019/100RECNX,/tank/data/nna/cameraTrap/prudhoe/15/2019/100RECNX/RCNX7941.JPG,Other
295,RCNX7996.JPG,2019/100RECNX,/tank/data/nna/cameraTrap/prudhoe/15/2019/100RECNX/RCNX7996.JPG,Sea_Shore_Bird
296,RCNX7997.JPG,2019/100RECNX,/tank/data/nna/cameraTrap/prudhoe/15/2019/100RECNX/RCNX7997.JPG,Sea_Shore_Bird
297,RCNX7998.JPG,2019/100RECNX,/tank/data/nna/cameraTrap/prudhoe/15/2019/100RECNX/RCNX7998.JPG,Sea_Shore_Bird
298,RCNX7999.JPG,2019/100RECNX,/tank/data/nna/cameraTrap/prudhoe/15/2019/100RECNX/RCNX7999.JPG,Sea_Shore_Bird
299,RCNX8000.JPG,2019/100RECNX,/tank/data/nna/cameraTrap/prudhoe/15/2019/100RECNX/RCNX8000.JPG,Sea_Shore_Bird
300,RCNX8001.JPG,2019/100RECNX,/tank/data/nna/cameraTrap/prudhoe/15/2019/100RECNX/RCNX8001.JPG,Sea_Shore_Bird
301,RCNX8003.JPG,2019/100RECNX,/tank/data/nna/cameraTrap/prudhoe/15/2019/100RECNX/RCNX8003.JPG,Sea_Shore_Bird
302,RCNX8004.JPG,2019/100RECNX,/tank/data/nna/cameraTrap/prudhoe/15/2019/100RECNX/RCNX8004.JPG,Sea_Shore_Bird
303,RCNX8005.JPG,2019/100RECNX,/tank/data/nna/cameraTrap/prudhoe/15/2019/100RECNX/RCNX8005.JPG,Sea_Shore_Bird
304,RCNX8020.JPG,2019/100RECNX,/tank/data/nna/cameraTrap/prudhoe/15/2019/100RECNX/RCNX8020.JPG,Sea_Shore_Bird
305,RCNX8021.JPG,2019/100RECNX,/tank/data/nna/cameraTrap/prudhoe/15/2019/100RECNX/RCNX8021.JPG,Sea_Shore_Bird
306,RCNX8022.JPG,2019/100RECNX,/tank/data/nna/cameraTrap/prudhoe/15/2019/100RECNX/RCNX8022.JPG,Sea_Shore_Bird
307,RCNX8092.JPG,2019/100RECNX,/tank/data/nna/cameraTrap/prudhoe/15/2019/100RECNX/RCNX8092.JPG,Misc_Land_Animal
308,RCNX8122.JPG,2019/100RECNX,/tank/data/nna/cameraTrap/prudhoe/15/2019/100RECNX/RCNX8122.JPG,Human
309,RCNX8462.JPG,2019/100RECNX,/tank/data/nna/cameraTrap/prudhoe/15/2019/100RECNX/RCNX8462.JPG,Caribou
310,RCNX8463.JPG,2019/100RECNX,/tank/data/nna/cameraTrap/prudhoe/15/2019/100RECNX/RCNX8463.JPG,Caribou
311,RCNX8464.JPG,2019/100RECNX,/tank/data/nna/cameraTrap/prudhoe/15/2019/100RECNX/RCNX8464.JPG,Caribou
312,RCNX8465.JPG,2019/100RECNX,/tank/data/nna/cameraTrap/prudhoe/15/2019/100RECNX/RCNX8465.JPG,Caribou
313,RCNX8466.JPG,2019/100RECNX,/tank/data/nna/cameraTrap/prudhoe/15/2019/100RECNX/RCNX8466.JPG,Caribou
314,RCNX8467.JPG,2019/100RECNX,/tank/data/nna/cameraTrap/prudhoe/15/2019/100RECNX/RCNX8467.JPG,Caribou
315,RCNX8631.JPG,2019/100RECNX,/tank/data/nna/cameraTrap/prudhoe/15/2019/100RECNX/RCNX8631.JPG,Caribou
316,RCNX8632.JPG,2019/100RECNX,/tank/data/nna/cameraTrap/prudhoe/15/2019/100RECNX/RCNX8632.JPG,Caribou
317,RCNX8633.JPG,2019/100RECNX,/tank/data/nna/cameraTrap/prudhoe/15/2019/100RECNX/RCNX8633.JPG,Caribou
318,RCNX8636.JPG,2019/100RECNX,/tank/data/nna/cameraTrap/prudhoe/15/2019/100RECNX/RCNX8636.JPG,Caribou
319,RCNX8637.JPG,2019/100RECNX,/tank/data/nna/cameraTrap/prudhoe/15/2019/100RECNX/RCNX8637.JPG,Caribou
320,RCNX8825.JPG,2019/100RECNX,/tank/data/nna/cameraTrap/prudhoe/15/2019/100RECNX/RCNX8825.JPG,Songbird
321,RCNX8830.JPG,2019/100RECNX,/tank/data/nna/cameraTrap/prudhoe/15/2019/100RECNX/RCNX8830.JPG,Sea_Shore_Bird
322,RCNX8857.JPG,2019/100RECNX,/tank/data/nna/cameraTrap/prudhoe/15/2019/100RECNX/RCNX8857.JPG,Human
323,RCNX8975.JPG,2019/100RECNX,/tank/data/nna/cameraTrap/prudhoe/15/2019/100RECNX/RCNX8975.JPG,Human
324,RCNX9074.JPG,2019/100RECNX,/tank/data/nna/cameraTrap/prudhoe/15/2019/100RECNX/RCNX9074.JPG,Sea_Shore_Bird
325,RCNX9215.JPG,2019/100RECNX,/tank/data/nna/cameraTrap/prudhoe/15/2019/100RECNX/RCNX9215.JPG,Sea_Shore_Bird
326,RCNX9297.JPG,2019/100RECNX,/tank/data/nna/cameraTrap/prudhoe/15/2019/100RECNX/RCNX9297.JPG,Caribou
327,RCNX9298.JPG,2019/100RECNX,/tank/data/nna/cameraTrap/prudhoe/15/2019/100RECNX/RCNX9298.JPG,Caribou
328,RCNX9299.JPG,2019/100RECNX,/tank/data/nna/cameraTrap/prudhoe/15/2019/100RECNX/RCNX9299.JPG,Caribou
329,RCNX9368.JPG,2019/100RECNX,/tank/data/nna/cameraTrap/prudhoe/15/2019/100RECNX/RCNX9368.JPG,Sea_Shore_Bird
330,RCNX9389.JPG,2019/100RECNX,/tank/data/nna/cameraTrap/prudhoe/15/2019/100RECNX/RCNX9389.JPG,Other
331,RCNX9415.JPG,2019/100RECNX,/tank/data/nna/cameraTrap/prudhoe/15/2019/100RECNX/RCNX9415.JPG,Caribou
332,RCNX9416.JPG,2019/100RECNX,/tank/data/nna/cameraTrap/prudhoe/15/2019/100RECNX/RCNX9416.JPG,Caribou
333,RCNX9417.JPG,2019/100RECNX,/tank/data/nna/cameraTrap/prudhoe/15/2019/100RECNX/RCNX9417.JPG,Caribou
334,RCNX9418.JPG,2019/100RECNX,/tank/data/nna/cameraTrap/prudhoe/15/2019/100RECNX/RCNX9418.JPG,Caribou
335,RCNX9419.JPG,2019/100RECNX,/tank/data/nna/cameraTrap/prudhoe/15/2019/100RECNX/RCNX9419.JPG,Caribou
336,RCNX9420.JPG,2019/100RECNX,/tank/data/nna/cameraTrap/prudhoe/15/2019/100RECNX/RCNX9420.JPG,Caribou
337,RCNX9421.JPG,2019/100RECNX,/tank/data/nna/cameraTrap/prudhoe/15/2019/100RECNX/RCNX9421.JPG,Caribou
338,RCNX9432.JPG,2019/100RECNX,/tank/data/nna/cameraTrap/prudhoe/15/2019/100RECNX/RCNX9432.JPG,Human
339,RCNX9549.JPG,2019/100RECNX,/tank/data/nna/cameraTrap/prudhoe/15/2019/100RECNX/RCNX9549.JPG,Sea_Shore_Bird
340,RCNX9740.JPG,2019/100RECNX,/tank/data/nna/cameraTrap/prudhoe/15/2019/100RECNX/RCNX9740.JPG,Other
341,RCNX0036.JPG,2019/101RECNX,/tank/data/nna/cameraTrap/prudhoe/15/2019/101RECNX/RCNX0036.JPG,Other
342,RCNX0078.JPG,2019/101RECNX,/tank/data/nna/cameraTrap/prudhoe/15/2019/101RECNX/RCNX0078.JPG,Human
343,RCNX0264.JPG,2019/101RECNX,/tank/data/nna/cameraTrap/prudhoe/15/2019/101RECNX/RCNX0264.JPG,Waterfowl
344,RCNX0391.JPG,2019/101RECNX,/tank/data/nna/cameraTrap/prudhoe/15/2019/101RECNX/RCNX0391.JPG,Sea_Shore_Bird
345,RCNX0399.JPG,2019/101RECNX,/tank/data/nna/cameraTrap/prudhoe/15/2019/101RECNX/RCNX0399.JPG,Sea_Shore_Bird
346,RCNX0400.JPG,2019/101RECNX,/tank/data/nna/cameraTrap/prudhoe/15/2019/101RECNX/RCNX0400.JPG,Sea_Shore_Bird
347,RCNX0561.JPG,2019/101RECNX,/tank/data/nna/cameraTrap/prudhoe/15/2019/101RECNX/RCNX0561.JPG,Upland_Game_Bird
348,RCNX0628.JPG,2019/101RECNX,/tank/data/nna/cameraTrap/prudhoe/15/2019/101RECNX/RCNX0628.JPG,Human
349,RCNX0779.JPG,2019/101RECNX,/tank/data/nna/cameraTrap/prudhoe/15/2019/101RECNX/RCNX0779.JPG,Human
350,RCNX0786.JPG,2019/101RECNX,/tank/data/nna/cameraTrap/prudhoe/15/2019/101RECNX/RCNX0786.JPG,Sea_Shore_Bird
351,RCNX0850.JPG,2019/101RECNX,/tank/data/nna/cameraTrap/prudhoe/15/2019/101RECNX/RCNX0850.JPG,Caribou
352,RCNX1025.JPG,2019/101RECNX,/tank/data/nna/cameraTrap/prudhoe/15/2019/101RECNX/RCNX1025.JPG,Human
353,RCNX1040.JPG,2019/101RECNX,/tank/data/nna/cameraTrap/prudhoe/15/2019/101RECNX/RCNX1040.JPG,Fox
354,RCNX1083.JPG,2019/101RECNX,/tank/data/nna/cameraTrap/prudhoe/15/2019/101RECNX/RCNX1083.JPG,Waterfowl
355,RCNX1196.JPG,2019/101RECNX,/tank/data/nna/cameraTrap/prudhoe/15/2019/101RECNX/RCNX1196.JPG,Human
356,RCNX1197.JPG,2019/101RECNX,/tank/data/nna/cameraTrap/prudhoe/15/2019/101RECNX/RCNX1197.JPG,Human
357,RCNX1233.JPG,2019/101RECNX,/tank/data/nna/cameraTrap/prudhoe/15/2019/101RECNX/RCNX1233.JPG,Human
358,RCNX1280.JPG,2019/101RECNX,/tank/data/nna/cameraTrap/prudhoe/15/2019/101RECNX/RCNX1280.JPG,Human
359,RCNX1323.JPG,2019/101RECNX,/tank/data/nna/cameraTrap/prudhoe/15/2019/101RECNX/RCNX1323.JPG,Human
360,RCNX1329.JPG,2019/101RECNX,/tank/data/nna/cameraTrap/prudhoe/15/2019/101RECNX/RCNX1329.JPG,Human
361,RCNX1497.JPG,2019/101RECNX,/tank/data/nna/cameraTrap/prudhoe/15/2019/101RECNX/RCNX1497.JPG,Songbird
362,RCNX1518.JPG,2019/101RECNX,/tank/data/nna/cameraTrap/prudhoe/15/2019/101RECNX/RCNX1518.JPG,Sea_Shore_Bird
363,RCNX1570.JPG,2019/101RECNX,/tank/data/nna/cameraTrap/prudhoe/15/2019/101RECNX/RCNX1570.JPG,Human
364,RCNX1714.JPG,2019/101RECNX,/tank/data/nna/cameraTrap/prudhoe/15/2019/101RECNX/RCNX1714.JPG,Human
365,RCNX1729.JPG,2019/101RECNX,/tank/data/nna/cameraTrap/prudhoe/15/2019/101RECNX/RCNX1729.JPG,Human
366,RCNX1738.JPG,2019/101RECNX,/tank/data/nna/cameraTrap/prudhoe/15/2019/101RECNX/RCNX1738.JPG,Sea_Shore_Bird
367,RCNX1754.JPG,2019/101RECNX,/tank/data/nna/cameraTrap/prudhoe/15/2019/101RECNX/RCNX1754.JPG,Caribou
368,RCNX1759.JPG,2019/101RECNX,/tank/data/nna/cameraTrap/prudhoe/15/2019/101RECNX/RCNX1759.JPG,Caribou
369,RCNX1760.JPG,2019/101RECNX,/tank/data/nna/cameraTrap/prudhoe/15/2019/101RECNX/RCNX1760.JPG,Caribou
370,RCNX1771.JPG,2019/101RECNX,/tank/data/nna/cameraTrap/prudhoe/15/2019/101RECNX/RCNX1771.JPG,Human
371,RCNX1785.JPG,2019/101RECNX,/tank/data/nna/cameraTrap/prudhoe/15/2019/101RECNX/RCNX1785.JPG,Human
372,RCNX1837.JPG,2019/101RECNX,/tank/data/nna/cameraTrap/prudhoe/15/2019/101RECNX/RCNX1837.JPG,Sea_Shore_Bird
373,RCNX2060.JPG,2019/101RECNX,/tank/data/nna/cameraTrap/prudhoe/15/2019/101RECNX/RCNX2060.JPG,Caribou
374,RCNX2061.JPG,2019/101RECNX,/tank/data/nna/cameraTrap/prudhoe/15/2019/101RECNX/RCNX2061.JPG,Caribou
375,RCNX2062.JPG,2019/101RECNX,/tank/data/nna/cameraTrap/prudhoe/15/2019/101RECNX/RCNX2062.JPG,Caribou
376,RCNX2063.JPG,2019/101RECNX,/tank/data/nna/cameraTrap/prudhoe/15/2019/101RECNX/RCNX2063.JPG,Caribou
377,RCNX2064.JPG,2019/101RECNX,/tank/data/nna/cameraTrap/prudhoe/15/2019/101RECNX/RCNX2064.JPG,Caribou
378,RCNX2066.JPG,2019/101RECNX,/tank/data/nna/cameraTrap/prudhoe/15/2019/101RECNX/RCNX2066.JPG,Caribou
379,RCNX2069.JPG,2019/101RECNX,/tank/data/nna/cameraTrap/prudhoe/15/2019/101RECNX/RCNX2069.JPG,Human
380,RCNX2070.JPG,2019/101RECNX,/tank/data/nna/cameraTrap/prudhoe/15/2019/101RECNX/RCNX2070.JPG,Caribou
381,RCNX2122.JPG,2019/101RECNX,/tank/data/nna/cameraTrap/prudhoe/15/2019/101RECNX/RCNX2122.JPG,Caribou
382,RCNX2123.JPG,2019/101RECNX,/tank/data/nna/cameraTrap/prudhoe/15/2019/101RECNX/RCNX2123.JPG,Caribou
383,RCNX2690.JPG,2019/101RECNX,/tank/data/nna/cameraTrap/prudhoe/15/2019/101RECNX/RCNX2690.JPG,Human
384,RCNX2754.JPG,2019/101RECNX,/tank/data/nna/cameraTrap/prudhoe/15/2019/101RECNX/RCNX2754.JPG,Sea_Shore_Bird
385,RCNX2879.JPG,2019/101RECNX,/tank/data/nna/cameraTrap/prudhoe/15/2019/101RECNX/RCNX2879.JPG,Caribou
386,RCNX2883.JPG,2019/101RECNX,/tank/data/nna/cameraTrap/prudhoe/15/2019/101RECNX/RCNX2883.JPG,Caribou
387,RCNX2885.JPG,2019/101RECNX,/tank/data/nna/cameraTrap/prudhoe/15/2019/101RECNX/RCNX2885.JPG,Caribou
388,RCNX2886.JPG,2019/101RECNX,/tank/data/nna/cameraTrap/prudhoe/15/2019/101RECNX/RCNX2886.JPG,Caribou
389,RCNX2887.JPG,2019/101RECNX,/tank/data/nna/cameraTrap/prudhoe/15/2019/101RECNX/RCNX2887.JPG,Caribou
390,RCNX2888.JPG,2019/101RECNX,/tank/data/nna/cameraTrap/prudhoe/15/2019/101RECNX/RCNX2888.JPG,Caribou
391,RCNX2889.JPG,2019/101RECNX,/tank/data/nna/cameraTrap/prudhoe/15/2019/101RECNX/RCNX2889.JPG,Caribou
392,RCNX2890.JPG,2019/101RECNX,/tank/data/nna/cameraTrap/prudhoe/15/2019/101RECNX/RCNX2890.JPG,Caribou
393,RCNX2974.JPG,2019/101RECNX,/tank/data/nna/cameraTrap/prudhoe/15/2019/101RECNX/RCNX2974.JPG,Other
394,RCNX3182.JPG,2019/101RECNX,/tank/data/nna/cameraTrap/prudhoe/15/2019/101RECNX/RCNX3182.JPG,Caribou
395,RCNX3193.JPG,2019/101RECNX,/tank/data/nna/cameraTrap/prudhoe/15/2019/101RECNX/RCNX3193.JPG,Caribou
396,RCNX3210.JPG,2019/101RECNX,/tank/data/nna/cameraTrap/prudhoe/15/2019/101RECNX/RCNX3210.JPG,Human
397,RCNX3215.JPG,2019/101RECNX,/tank/data/nna/cameraTrap/prudhoe/15/2019/101RECNX/RCNX3215.JPG,Caribou
398,RCNX3238.JPG,2019/101RECNX,/tank/data/nna/cameraTrap/prudhoe/15/2019/101RECNX/RCNX3238.JPG,Caribou
399,RCNX3316.JPG,2019/101RECNX,/tank/data/nna/cameraTrap/prudhoe/15/2019/101RECNX/RCNX3316.JPG,Other
400,RCNX3317.JPG,2019/101RECNX,/tank/data/nna/cameraTrap/prudhoe/15/2019/101RECNX/RCNX3317.JPG,Other
401,RCNX3879.JPG,2019/101RECNX,/tank/data/nna/cameraTrap/prudhoe/15/2019/101RECNX/RCNX3879.JPG,Human
402,RCNX4106.JPG,2019/101RECNX,/tank/data/nna/cameraTrap/prudhoe/15/2019/101RECNX/RCNX4106.JPG,Human
403,RCNX4118.JPG,2019/101RECNX,/tank/data/nna/cameraTrap/prudhoe/15/2019/101RECNX/RCNX4118.JPG,Human
404,RCNX4166.JPG,2019/101RECNX,/tank/data/nna/cameraTrap/prudhoe/15/2019/101RECNX/RCNX4166.JPG,Human
405,RCNX4884.JPG,2019/101RECNX,/tank/data/nna/cameraTrap/prudhoe/15/2019/101RECNX/RCNX4884.JPG,Human
406,RCNX4890.JPG,2019/101RECNX,/tank/data/nna/cameraTrap/prudhoe/15/2019/101RECNX/RCNX4890.JPG,Human
407,RCNX4915.JPG,2019/101RECNX,/tank/data/nna/cameraTrap/prudhoe/15/2019/101RECNX/RCNX4915.JPG,Human
408,RCNX4958.JPG,2019/101RECNX,/tank/data/nna/cameraTrap/prudhoe/15/2019/101RECNX/RCNX4958.JPG,Human
409,RCNX4967.JPG,2019/101RECNX,/tank/data/nna/cameraTrap/prudhoe/15/2019/101RECNX/RCNX4967.JPG,Human
410,RCNX4978.JPG,2019/101RECNX,/tank/data/nna/cameraTrap/prudhoe/15/2019/101RECNX/RCNX4978.JPG,Human
411,RCNX4984.JPG,2019/101RECNX,/tank/data/nna/cameraTrap/prudhoe/15/2019/101RECNX/RCNX4984.JPG,Caribou
412,RCNX4985.JPG,2019/101RECNX,/tank/data/nna/cameraTrap/prudhoe/15/2019/101RECNX/RCNX4985.JPG,Caribou
413,RCNX4986.JPG,2019/101RECNX,/tank/data/nna/cameraTrap/prudhoe/15/2019/101RECNX/RCNX4986.JPG,Caribou
414,RCNX4987.JPG,2019/101RECNX,/tank/data/nna/cameraTrap/prudhoe/15/2019/101RECNX/RCNX4987.JPG,Caribou
415,RCNX4988.JPG,2019/101RECNX,/tank/data/nna/cameraTrap/prudhoe/15/2019/101RECNX/RCNX4988.JPG,Caribou
416,RCNX4989.JPG,2019/101RECNX,/tank/data/nna/cameraTrap/prudhoe/15/2019/101RECNX/RCNX4989.JPG,Caribou
417,RCNX4992.JPG,2019/101RECNX,/tank/data/nna/cameraTrap/prudhoe/15/2019/101RECNX/RCNX4992.JPG,Caribou
418,RCNX4993.JPG,2019/101RECNX,/tank/data/nna/cameraTrap/prudhoe/15/2019/101RECNX/RCNX4993.JPG,Caribou
419,RCNX4994.JPG,2019/101RECNX,/tank/data/nna/cameraTrap/prudhoe/15/2019/101RECNX/RCNX4994.JPG,Caribou
420,RCNX4995.JPG,2019/101RECNX,/tank/data/nna/cameraTrap/prudhoe/15/2019/101RECNX/RCNX4995.JPG,Caribou
421,RCNX4996.JPG,2019/101RECNX,/tank/data/nna/cameraTrap/prudhoe/15/2019/101RECNX/RCNX4996.JPG,Caribou
422,RCNX4997.JPG,2019/101RECNX,/tank/data/nna/cameraTrap/prudhoe/15/2019/101RECNX/RCNX4997.JPG,Caribou
423,RCNX4998.JPG,2019/101RECNX,/tank/data/nna/cameraTrap/prudhoe/15/2019/101RECNX/RCNX4998.JPG,Caribou
424,RCNX4999.JPG,2019/101RECNX,/tank/data/nna/cameraTrap/prudhoe/15/2019/101RECNX/RCNX4999.JPG,Caribou
425,RCNX5004.JPG,2019/101RECNX,/tank/data/nna/cameraTrap/prudhoe/15/2019/101RECNX/RCNX5004.JPG,Caribou
426,RCNX5042.JPG,2019/101RECNX,/tank/data/nna/cameraTrap/prudhoe/15/2019/101RECNX/RCNX5042.JPG,Sea_Shore_Bird
427,RCNX5062.JPG,2019/101RECNX,/tank/data/nna/cameraTrap/prudhoe/15/2019/101RECNX/RCNX5062.JPG,Human
428,RCNX5063.JPG,2019/101RECNX,/tank/data/nna/cameraTrap/prudhoe/15/2019/101RECNX/RCNX5063.JPG,Human
429,RCNX5592.JPG,2019/101RECNX,/tank/data/nna/cameraTrap/prudhoe/15/2019/101RECNX/RCNX5592.JPG,Human
430,RCNX5794.JPG,2019/101RECNX,/tank/data/nna/cameraTrap/prudhoe/15/2019/101RECNX/RCNX5794.JPG,Human
431,RCNX5797.JPG,2019/101RECNX,/tank/data/nna/cameraTrap/prudhoe/15/2019/101RECNX/RCNX5797.JPG,Human
432,RCNX5846.JPG,2019/101RECNX,/tank/data/nna/cameraTrap/prudhoe/15/2019/101RECNX/RCNX5846.JPG,Waterfowl
433,RCNX5848.JPG,2019/101RECNX,/tank/data/nna/cameraTrap/prudhoe/15/2019/101RECNX/RCNX5848.JPG,Waterfowl
434,RCNX5849.JPG,2019/101RECNX,/tank/data/nna/cameraTrap/prudhoe/15/2019/101RECNX/RCNX5849.JPG,Waterfowl
435,RCNX5850.JPG,2019/101RECNX,/tank/data/nna/cameraTrap/prudhoe/15/2019/101RECNX/RCNX5850.JPG,Waterfowl
436,RCNX5851.JPG,2019/101RECNX,/tank/data/nna/cameraTrap/prudhoe/15/2019/101RECNX/RCNX5851.JPG,Waterfowl
437,RCNX5852.JPG,2019/101RECNX,/tank/data/nna/cameraTrap/prudhoe/15/2019/101RECNX/RCNX5852.JPG,Waterfowl
438,RCNX5853.JPG,2019/101RECNX,/tank/data/nna/cameraTrap/prudhoe/15/2019/101RECNX/RCNX5853.JPG,Waterfowl
439,RCNX5854.JPG,2019/101RECNX,/tank/data/nna/cameraTrap/prudhoe/15/2019/101RECNX/RCNX5854.JPG,Waterfowl
440,RCNX5855.JPG,2019/101RECNX,/tank/data/nna/cameraTrap/prudhoe/15/2019/101RECNX/RCNX5855.JPG,Waterfowl
441,RCNX5856.JPG,2019/101RECNX,/tank/data/nna/cameraTrap/prudhoe/15/2019/101RECNX/RCNX5856.JPG,Waterfowl
442,RCNX5857.JPG,2019/101RECNX,/tank/data/nna/cameraTrap/prudhoe/15/2019/101RECNX/RCNX5857.JPG,Waterfowl
443,RCNX5858.JPG,2019/101RECNX,/tank/data/nna/cameraTrap/prudhoe/15/2019/101RECNX/RCNX5858.JPG,Waterfowl
444,RCNX5859.JPG,2019/101RECNX,/tank/data/nna/cameraTrap/prudhoe/15/2019/101RECNX/RCNX5859.JPG,Waterfowl
445,RCNX5860.JPG,2019/101RECNX,/tank/data/nna/cameraTrap/prudhoe/15/2019/101RECNX/RCNX5860.JPG,Waterfowl
446,RCNX5861.JPG,2019/101RECNX,/tank/data/nna/cameraTrap/prudhoe/15/2019/101RECNX/RCNX5861.JPG,Waterfowl
447,RCNX5862.JPG,2019/101RECNX,/tank/data/nna/cameraTrap/prudhoe/15/2019/101RECNX/RCNX5862.JPG,Waterfowl
448,RCNX5863.JPG,2019/101RECNX,/tank/data/nna/cameraTrap/prudhoe/15/2019/101RECNX/RCNX5863.JPG,Waterfowl
449,RCNX5866.JPG,2019/101RECNX,/tank/data/nna/cameraTrap/prudhoe/15/2019/101RECNX/RCNX5866.JPG,Waterfowl
450,RCNX5867.JPG,2019/101RECNX,/tank/data/nna/cameraTrap/prudhoe/15/2019/101RECNX/RCNX5867.JPG,Waterfowl
451,RCNX5868.JPG,2019/101RECNX,/tank/data/nna/cameraTrap/prudhoe/15/2019/101RECNX/RCNX5868.JPG,Waterfowl
452,RCNX5869.JPG,2019/101RECNX,/tank/data/nna/cameraTrap/prudhoe/15/2019/101RECNX/RCNX5869.JPG,Waterfowl
453,RCNX5896.JPG,2019/101RECNX,/tank/data/nna/cameraTrap/prudhoe/15/2019/101RECNX/RCNX5896.JPG,Human
454,RCNX6083.JPG,2019/101RECNX,/tank/data/nna/cameraTrap/prudhoe/15/2019/101RECNX/RCNX6083.JPG,Human
455,RCNX6130.JPG,2019/101RECNX,/tank/data/nna/cameraTrap/prudhoe/15/2019/101RECNX/RCNX6130.JPG,Human
456,RCNX6656.JPG,2019/101RECNX,/tank/data/nna/cameraTrap/prudhoe/15/2019/101RECNX/RCNX6656.JPG,Human
457,RCNX6665.JPG,2019/101RECNX,/tank/data/nna/cameraTrap/prudhoe/15/2019/101RECNX/RCNX6665.JPG,Human
458,RCNX7773.JPG,2019/101RECNX,/tank/data/nna/cameraTrap/prudhoe/15/2019/101RECNX/RCNX7773.JPG,Human
459,RCNX7782.JPG,2019/101RECNX,/tank/data/nna/cameraTrap/prudhoe/15/2019/101RECNX/RCNX7782.JPG,Human
460,RCNX0254.JPG,2019_Summer/100RECNX,/tank/data/nna/cameraTrap/prudhoe/15/2019_Summer/100RECNX/RCNX0254.JPG,Human
461,RCNX0567.JPG,2019_Summer/100RECNX,/tank/data/nna/cameraTrap/prudhoe/15/2019_Summer/100RECNX/RCNX0567.JPG,Human
462,RCNX0581.JPG,2019_Summer/100RECNX,/tank/data/nna/cameraTrap/prudhoe/15/2019_Summer/100RECNX/RCNX0581.JPG,Human
463,RCNX0684.JPG,2019_Summer/100RECNX,/tank/data/nna/cameraTrap/prudhoe/15/2019_Summer/100RECNX/RCNX0684.JPG,Human
464,RCNX1600.JPG,2019_Summer/100RECNX,/tank/data/nna/cameraTrap/prudhoe/15/2019_Summer/100RECNX/RCNX1600.JPG,Human
465,RCNX1680.JPG,2019_Summer/100RECNX,/tank/data/nna/cameraTrap/prudhoe/15/2019_Summer/100RECNX/RCNX1680.JPG,Other
466,RCNX1690.JPG,2019_Summer/100RECNX,/tank/data/nna/cameraTrap/prudhoe/15/2019_Summer/100RECNX/RCNX1690.JPG,Human
467,RCNX1763.JPG,2019_Summer/100RECNX,/tank/data/nna/cameraTrap/prudhoe/15/2019_Summer/100RECNX/RCNX1763.JPG,Human
468,RCNX2217.JPG,2019_Summer/100RECNX,/tank/data/nna/cameraTrap/prudhoe/15/2019_Summer/100RECNX/RCNX2217.JPG,Misc_Land_Animal
469,RCNX2543.JPG,2019_Summer/100RECNX,/tank/data/nna/cameraTrap/prudhoe/15/2019_Summer/100RECNX/RCNX2543.JPG,Human
470,RCNX2554.JPG,2019_Summer/100RECNX,/tank/data/nna/cameraTrap/prudhoe/15/2019_Summer/100RECNX/RCNX2554.JPG,Human
471,RCNX2562.JPG,2019_Summer/100RECNX,/tank/data/nna/cameraTrap/prudhoe/15/2019_Summer/100RECNX/RCNX2562.JPG,Human
472,RCNX2563.JPG,2019_Summer/100RECNX,/tank/data/nna/cameraTrap/prudhoe/15/2019_Summer/100RECNX/RCNX2563.JPG,Human
473,RCNX2650.JPG,2019_Summer/100RECNX,/tank/data/nna/cameraTrap/prudhoe/15/2019_Summer/100RECNX/RCNX2650.JPG,Human
474,RCNX2698.JPG,2019_Summer/100RECNX,/tank/data/nna/cameraTrap/prudhoe/15/2019_Summer/100RECNX/RCNX2698.JPG,Human
475,RCNX2714.JPG,2019_Summer/100RECNX,/tank/data/nna/cameraTrap/prudhoe/15/2019_Summer/100RECNX/RCNX2714.JPG,Human
476,RCNX2843.JPG,2019_Summer/100RECNX,/tank/data/nna/cameraTrap/prudhoe/15/2019_Summer/100RECNX/RCNX2843.JPG,Human
477,RCNX2857.JPG,2019_Summer/100RECNX,/tank/data/nna/cameraTrap/prudhoe/15/2019_Summer/100RECNX/RCNX2857.JPG,Human
478,RCNX2858.JPG,2019_Summer/100RECNX,/tank/data/nna/cameraTrap/prudhoe/15/2019_Summer/100RECNX/RCNX2858.JPG,Human
479,RCNX2859.JPG,2019_Summer/100RECNX,/tank/data/nna/cameraTrap/prudhoe/15/2019_Summer/100RECNX/RCNX2859.JPG,Human
480,RCNX2860.JPG,2019_Summer/100RECNX,/tank/data/nna/cameraTrap/prudhoe/15/2019_Summer/100RECNX/RCNX2860.JPG,Human
481,RCNX2861.JPG,2019_Summer/100RECNX,/tank/data/nna/cameraTrap/prudhoe/15/2019_Summer/100RECNX/RCNX2861.JPG,Human
482,RCNX2862.JPG,2019_Summer/100RECNX,/tank/data/nna/cameraTrap/prudhoe/15/2019_Summer/100RECNX/RCNX2862.JPG,Human
483,RCNX2863.JPG,2019_Summer/100RECNX,/tank/data/nna/cameraTrap/prudhoe/15/2019_Summer/100RECNX/RCNX2863.JPG,Human
484,RCNX2864.JPG,2019_Summer/100RECNX,/tank/data/nna/cameraTrap/prudhoe/15/2019_Summer/100RECNX/RCNX2864.JPG,Human
485,RCNX2865.JPG,2019_Summer/100RECNX,/tank/data/nna/cameraTrap/prudhoe/15/2019_Summer/100RECNX/RCNX2865.JPG,Human
486,RCNX2866.JPG,2019_Summer/100RECNX,/tank/data/nna/cameraTrap/prudhoe/15/2019_Summer/100RECNX/RCNX2866.JPG,Human
487,RCNX2867.JPG,2019_Summer/100RECNX,/tank/data/nna/cameraTrap/prudhoe/15/2019_Summer/100RECNX/RCNX2867.JPG,Human
488,RCNX2868.JPG,2019_Summer/100RECNX,/tank/data/nna/cameraTrap/prudhoe/15/2019_Summer/100RECNX/RCNX2868.JPG,Human
489,RCNX2869.JPG,2019_Summer/100RECNX,/tank/data/nna/cameraTrap/prudhoe/15/2019_Summer/100RECNX/RCNX2869.JPG,Human
490,RCNX2870.JPG,2019_Summer/100RECNX,/tank/data/nna/cameraTrap/prudhoe/15/2019_Summer/100RECNX/RCNX2870.JPG,Human
491,RCNX2871.JPG,2019_Summer/100RECNX,/tank/data/nna/cameraTrap/prudhoe/15/2019_Summer/100RECNX/RCNX2871.JPG,Human
492,RCNX2872.JPG,2019_Summer/100RECNX,/tank/data/nna/cameraTrap/prudhoe/15/2019_Summer/100RECNX/RCNX2872.JPG,Human
493,RCNX2873.JPG,2019_Summer/100RECNX,/tank/data/nna/cameraTrap/prudhoe/15/2019_Summer/100RECNX/RCNX2873.JPG,Human
494,RCNX2874.JPG,2019_Summer/100RECNX,/tank/data/nna/cameraTrap/prudhoe/15/2019_Summer/100RECNX/RCNX2874.JPG,Human
495,RCNX2875.JPG,2019_Summer/100RECNX,/tank/data/nna/cameraTrap/prudhoe/15/2019_Summer/100RECNX/RCNX2875.JPG,Human
496,RCNX2876.JPG,2019_Summer/100RECNX,/tank/data/nna/cameraTrap/prudhoe/15/2019_Summer/100RECNX/RCNX2876.JPG,Human
497,RCNX2877.JPG,2019_Summer/100RECNX,/tank/data/nna/cameraTrap/prudhoe/15/2019_Summer/100RECNX/RCNX2877.JPG,Human
498,RCNX3042.JPG,2019_Summer/100RECNX,/tank/data/nna/cameraTrap/prudhoe/15/2019_Summer/100RECNX/RCNX3042.JPG,Human
499,RCNX3873.JPG,2019_Summer/100RECNX,/tank/data/nna/cameraTrap/prudhoe/15/2019_Summer/100RECNX/RCNX3873.JPG,Caribou
500,RCNX3874.JPG,2019_Summer/100RECNX,/tank/data/nna/cameraTrap/prudhoe/15/2019_Summer/100RECNX/RCNX3874.JPG,Caribou
501,RCNX3875.JPG,2019_Summer/100RECNX,/tank/data/nna/cameraTrap/prudhoe/15/2019_Summer/100RECNX/RCNX3875.JPG,Caribou
502,RCNX3876.JPG,2019_Summer/100RECNX,/tank/data/nna/cameraTrap/prudhoe/15/2019_Summer/100RECNX/RCNX3876.JPG,Caribou
503,RCNX3877.JPG,2019_Summer/100RECNX,/tank/data/nna/cameraTrap/prudhoe/15/2019_Summer/100RECNX/RCNX3877.JPG,Caribou
504,RCNX3878.JPG,2019_Summer/100RECNX,/tank/data/nna/cameraTrap/prudhoe/15/2019_Summer/100RECNX/RCNX3878.JPG,Caribou
505,RCNX3879.JPG,2019_Summer/100RECNX,/tank/data/nna/cameraTrap/prudhoe/15/2019_Summer/100RECNX/RCNX3879.JPG,Caribou
506,RCNX3880.JPG,2019_Summer/100RECNX,/tank/data/nna/cameraTrap/prudhoe/15/2019_Summer/100RECNX/RCNX3880.JPG,Caribou
507,RCNX3881.JPG,2019_Summer/100RECNX,/tank/data/nna/cameraTrap/prudhoe/15/2019_Summer/100RECNX/RCNX3881.JPG,Caribou
508,RCNX3883.JPG,2019_Summer/100RECNX,/tank/data/nna/cameraTrap/prudhoe/15/2019_Summer/100RECNX/RCNX3883.JPG,Caribou
509,RCNX3884.JPG,2019_Summer/100RECNX,/tank/data/nna/cameraTrap/prudhoe/15/2019_Summer/100RECNX/RCNX3884.JPG,Caribou
510,RCNX3885.JPG,2019_Summer/100RECNX,/tank/data/nna/cameraTrap/prudhoe/15/2019_Summer/100RECNX/RCNX3885.JPG,Caribou
511,RCNX3929.JPG,2019_Summer/100RECNX,/tank/data/nna/cameraTrap/prudhoe/15/2019_Summer/100RECNX/RCNX3929.JPG,Sea_Shore_Bird
512,RCNX4151.JPG,2019_Summer/100RECNX,/tank/data/nna/cameraTrap/prudhoe/15/2019_Summer/100RECNX/RCNX4151.JPG,Caribou
513,RCNX4152.JPG,2019_Summer/100RECNX,/tank/data/nna/cameraTrap/prudhoe/15/2019_Summer/100RECNX/RCNX4152.JPG,Caribou
514,RCNX4153.JPG,2019_Summer/100RECNX,/tank/data/nna/cameraTrap/prudhoe/15/2019_Summer/100RECNX/RCNX4153.JPG,Caribou
515,RCNX4154.JPG,2019_Summer/100RECNX,/tank/data/nna/cameraTrap/prudhoe/15/2019_Summer/100RECNX/RCNX4154.JPG,Caribou
516,RCNX4155.JPG,2019_Summer/100RECNX,/tank/data/nna/cameraTrap/prudhoe/15/2019_Summer/100RECNX/RCNX4155.JPG,Caribou
517,RCNX4156.JPG,2019_Summer/100RECNX,/tank/data/nna/cameraTrap/prudhoe/15/2019_Summer/100RECNX/RCNX4156.JPG,Caribou
518,RCNX4157.JPG,2019_Summer/100RECNX,/tank/data/nna/cameraTrap/prudhoe/15/2019_Summer/100RECNX/RCNX4157.JPG,Caribou
519,RCNX4158.JPG,2019_Summer/100RECNX,/tank/data/nna/cameraTrap/prudhoe/15/2019_Summer/100RECNX/RCNX4158.JPG,Caribou
520,RCNX4159.JPG,2019_Summer/100RECNX,/tank/data/nna/cameraTrap/prudhoe/15/2019_Summer/100RECNX/RCNX4159.JPG,Caribou
521,RCNX4160.JPG,2019_Summer/100RECNX,/tank/data/nna/cameraTrap/prudhoe/15/2019_Summer/100RECNX/RCNX4160.JPG,Caribou
522,RCNX4161.JPG,2019_Summer/100RECNX,/tank/data/nna/cameraTrap/prudhoe/15/2019_Summer/100RECNX/RCNX4161.JPG,Caribou
523,RCNX4164.JPG,2019_Summer/100RECNX,/tank/data/nna/cameraTrap/prudhoe/15/2019_Summer/100RECNX/RCNX4164.JPG,Caribou
524,RCNX4167.JPG,2019_Summer/100RECNX,/tank/data/nna/cameraTrap/prudhoe/15/2019_Summer/100RECNX/RCNX4167.JPG,Caribou
525,RCNX4169.JPG,2019_Summer/100RECNX,/tank/data/nna/cameraTrap/prudhoe/15/2019_Summer/100RECNX/RCNX4169.JPG,Caribou
526,RCNX4170.JPG,2019_Summer/100RECNX,/tank/data/nna/cameraTrap/prudhoe/15/2019_Summer/100RECNX/RCNX4170.JPG,Caribou
527,RCNX4171.JPG,2019_Summer/100RECNX,/tank/data/nna/cameraTrap/prudhoe/15/2019_Summer/100RECNX/RCNX4171.JPG,Caribou
528,RCNX4172.JPG,2019_Summer/100RECNX,/tank/data/nna/cameraTrap/prudhoe/15/2019_Summer/100RECNX/RCNX4172.JPG,Caribou
529,RCNX4173.JPG,2019_Summer/100RECNX,/tank/data/nna/cameraTrap/prudhoe/15/2019_Summer/100RECNX/RCNX4173.JPG,Caribou
530,RCNX4174.JPG,2019_Summer/100RECNX,/tank/data/nna/cameraTrap/prudhoe/15/2019_Summer/100RECNX/RCNX4174.JPG,Caribou
531,RCNX4175.JPG,2019_Summer/100RECNX,/tank/data/nna/cameraTrap/prudhoe/15/2019_Summer/100RECNX/RCNX4175.JPG,Caribou
532,RCNX4211.JPG,2019_Summer/100RECNX,/tank/data/nna/cameraTrap/prudhoe/15/2019_Summer/100RECNX/RCNX4211.JPG,Human
533,RCNX4289.JPG,2019_Summer/100RECNX,/tank/data/nna/cameraTrap/prudhoe/15/2019_Summer/100RECNX/RCNX4289.JPG,Human
534,RCNX4290.JPG,2019_Summer/100RECNX,/tank/data/nna/cameraTrap/prudhoe/15/2019_Summer/100RECNX/RCNX4290.JPG,Human
535,RCNX4359.JPG,2019_Summer/100RECNX,/tank/data/nna/cameraTrap/prudhoe/15/2019_Summer/100RECNX/RCNX4359.JPG,Caribou
536,RCNX4438.JPG,2019_Summer/100RECNX,/tank/data/nna/cameraTrap/prudhoe/15/2019_Summer/100RECNX/RCNX4438.JPG,Human
537,RCNX4846.JPG,2019_Summer/100RECNX,/tank/data/nna/cameraTrap/prudhoe/15/2019_Summer/100RECNX/RCNX4846.JPG,Songbird
538,RCNX4850.JPG,2019_Summer/100RECNX,/tank/data/nna/cameraTrap/prudhoe/15/2019_Summer/100RECNX/RCNX4850.JPG,Human
539,RCNX4872.JPG,2019_Summer/100RECNX,/tank/data/nna/cameraTrap/prudhoe/15/2019_Summer/100RECNX/RCNX4872.JPG,Human
540,RCNX5005.JPG,2019_Summer/100RECNX,/tank/data/nna/cameraTrap/prudhoe/15/2019_Summer/100RECNX/RCNX5005.JPG,Human
541,RCNX5170.JPG,2019_Summer/100RECNX,/tank/data/nna/cameraTrap/prudhoe/15/2019_Summer/100RECNX/RCNX5170.JPG,Human
542,RCNX5187.JPG,2019_Summer/100RECNX,/tank/data/nna/cameraTrap/prudhoe/15/2019_Summer/100RECNX/RCNX5187.JPG,Caribou
543,RCNX5292.JPG,2019_Summer/100RECNX,/tank/data/nna/cameraTrap/prudhoe/15/2019_Summer/100RECNX/RCNX5292.JPG,Human
544,RCNX5301.JPG,2019_Summer/100RECNX,/tank/data/nna/cameraTrap/prudhoe/15/2019_Summer/100RECNX/RCNX5301.JPG,Caribou
545,RCNX5332.JPG,2019_Summer/100RECNX,/tank/data/nna/cameraTrap/prudhoe/15/2019_Summer/100RECNX/RCNX5332.JPG,Other
546,RCNX5428.JPG,2019_Summer/100RECNX,/tank/data/nna/cameraTrap/prudhoe/15/2019_Summer/100RECNX/RCNX5428.JPG,Human
547,RCNX5473.JPG,2019_Summer/100RECNX,/tank/data/nna/cameraTrap/prudhoe/15/2019_Summer/100RECNX/RCNX5473.JPG,Human
548,RCNX5490.JPG,2019_Summer/100RECNX,/tank/data/nna/cameraTrap/prudhoe/15/2019_Summer/100RECNX/RCNX5490.JPG,Human
549,RCNX5529.JPG,2019_Summer/100RECNX,/tank/data/nna/cameraTrap/prudhoe/15/2019_Summer/100RECNX/RCNX5529.JPG,Human
550,RCNX5581.JPG,2019_Summer/100RECNX,/tank/data/nna/cameraTrap/prudhoe/15/2019_Summer/100RECNX/RCNX5581.JPG,Caribou
551,RCNX5582.JPG,2019_Summer/100RECNX,/tank/data/nna/cameraTrap/prudhoe/15/2019_Summer/100RECNX/RCNX5582.JPG,Caribou
552,RCNX5587.JPG,2019_Summer/100RECNX,/tank/data/nna/cameraTrap/prudhoe/15/2019_Summer/100RECNX/RCNX5587.JPG,Human
553,RCNX5668.JPG,2019_Summer/100RECNX,/tank/data/nna/cameraTrap/prudhoe/15/2019_Summer/100RECNX/RCNX5668.JPG,Caribou
554,RCNX5669.JPG,2019_Summer/100RECNX,/tank/data/nna/cameraTrap/prudhoe/15/2019_Summer/100RECNX/RCNX5669.JPG,Caribou
555,RCNX5670.JPG,2019_Summer/100RECNX,/tank/data/nna/cameraTrap/prudhoe/15/2019_Summer/100RECNX/RCNX5670.JPG,Caribou
556,RCNX5671.JPG,2019_Summer/100RECNX,/tank/data/nna/cameraTrap/prudhoe/15/2019_Summer/100RECNX/RCNX5671.JPG,Caribou
557,RCNX5672.JPG,2019_Summer/100RECNX,/tank/data/nna/cameraTrap/prudhoe/15/2019_Summer/100RECNX/RCNX5672.JPG,Caribou
558,RCNX5673.JPG,2019_Summer/100RECNX,/tank/data/nna/cameraTrap/prudhoe/15/2019_Summer/100RECNX/RCNX5673.JPG,Caribou
559,RCNX5674.JPG,2019_Summer/100RECNX,/tank/data/nna/cameraTrap/prudhoe/15/2019_Summer/100RECNX/RCNX5674.JPG,Caribou
560,RCNX5675.JPG,2019_Summer/100RECNX,/tank/data/nna/cameraTrap/prudhoe/15/2019_Summer/100RECNX/RCNX5675.JPG,Caribou
561,RCNX5676.JPG,2019_Summer/100RECNX,/tank/data/nna/cameraTrap/prudhoe/15/2019_Summer/100RECNX/RCNX5676.JPG,Caribou
562,RCNX5677.JPG,2019_Summer/100RECNX,/tank/data/nna/cameraTrap/prudhoe/15/2019_Summer/100RECNX/RCNX5677.JPG,Caribou
563,RCNX5678.JPG,2019_Summer/100RECNX,/tank/data/nna/cameraTrap/prudhoe/15/2019_Summer/100RECNX/RCNX5678.JPG,Caribou
564,RCNX5679.JPG,2019_Summer/100RECNX,/tank/data/nna/cameraTrap/prudhoe/15/2019_Summer/100RECNX/RCNX5679.JPG,Caribou
565,RCNX5680.JPG,2019_Summer/100RECNX,/tank/data/nna/cameraTrap/prudhoe/15/2019_Summer/100RECNX/RCNX5680.JPG,Caribou
566,RCNX5681.JPG,2019_Summer/100RECNX,/tank/data/nna/cameraTrap/prudhoe/15/2019_Summer/100RECNX/RCNX5681.JPG,Caribou
567,RCNX5682.JPG,2019_Summer/100RECNX,/tank/data/nna/cameraTrap/prudhoe/15/2019_Summer/100RECNX/RCNX5682.JPG,Caribou
568,RCNX5683.JPG,2019_Summer/100RECNX,/tank/data/nna/cameraTrap/prudhoe/15/2019_Summer/100RECNX/RCNX5683.JPG,Caribou
569,RCNX5684.JPG,2019_Summer/100RECNX,/tank/data/nna/cameraTrap/prudhoe/15/2019_Summer/100RECNX/RCNX5684.JPG,Caribou
570,RCNX5685.JPG,2019_Summer/100RECNX,/tank/data/nna/cameraTrap/prudhoe/15/2019_Summer/100RECNX/RCNX5685.JPG,Caribou
571,RCNX5686.JPG,2019_Summer/100RECNX,/tank/data/nna/cameraTrap/prudhoe/15/2019_Summer/100RECNX/RCNX5686.JPG,Caribou
572,RCNX5687.JPG,2019_Summer/100RECNX,/tank/data/nna/cameraTrap/prudhoe/15/2019_Summer/100RECNX/RCNX5687.JPG,Caribou
573,RCNX5688.JPG,2019_Summer/100RECNX,/tank/data/nna/cameraTrap/prudhoe/15/2019_Summer/100RECNX/RCNX5688.JPG,Caribou
574,RCNX5689.JPG,2019_Summer/100RECNX,/tank/data/nna/cameraTrap/prudhoe/15/2019_Summer/100RECNX/RCNX5689.JPG,Caribou
575,RCNX5690.JPG,2019_Summer/100RECNX,/tank/data/nna/cameraTrap/prudhoe/15/2019_Summer/100RECNX/RCNX5690.JPG,Caribou
576,RCNX5691.JPG,2019_Summer/100RECNX,/tank/data/nna/cameraTrap/prudhoe/15/2019_Summer/100RECNX/RCNX5691.JPG,Caribou
577,RCNX5692.JPG,2019_Summer/100RECNX,/tank/data/nna/cameraTrap/prudhoe/15/2019_Summer/100RECNX/RCNX5692.JPG,Caribou
578,RCNX5693.JPG,2019_Summer/100RECNX,/tank/data/nna/cameraTrap/prudhoe/15/2019_Summer/100RECNX/RCNX5693.JPG,Caribou
579,RCNX5694.JPG,2019_Summer/100RECNX,/tank/data/nna/cameraTrap/prudhoe/15/2019_Summer/100RECNX/RCNX5694.JPG,Caribou
580,RCNX5695.JPG,2019_Summer/100RECNX,/tank/data/nna/cameraTrap/prudhoe/15/2019_Summer/100RECNX/RCNX5695.JPG,Caribou
581,RCNX5696.JPG,2019_Summer/100RECNX,/tank/data/nna/cameraTrap/prudhoe/15/2019_Summer/100RECNX/RCNX5696.JPG,Caribou
582,RCNX5697.JPG,2019_Summer/100RECNX,/tank/data/nna/cameraTrap/prudhoe/15/2019_Summer/100RECNX/RCNX5697.JPG,Caribou
583,RCNX5735.JPG,2019_Summer/100RECNX,/tank/data/nna/cameraTrap/prudhoe/15/2019_Summer/100RECNX/RCNX5735.JPG,Caribou
584,RCNX5736.JPG,2019_Summer/100RECNX,/tank/data/nna/cameraTrap/prudhoe/15/2019_Summer/100RECNX/RCNX5736.JPG,Caribou
585,RCNX5737.JPG,2019_Summer/100RECNX,/tank/data/nna/cameraTrap/prudhoe/15/2019_Summer/100RECNX/RCNX5737.JPG,Caribou
586,RCNX5738.JPG,2019_Summer/100RECNX,/tank/data/nna/cameraTrap/prudhoe/15/2019_Summer/100RECNX/RCNX5738.JPG,Caribou
587,RCNX5739.JPG,2019_Summer/100RECNX,/tank/data/nna/cameraTrap/prudhoe/15/2019_Summer/100RECNX/RCNX5739.JPG,Caribou
588,RCNX5740.JPG,2019_Summer/100RECNX,/tank/data/nna/cameraTrap/prudhoe/15/2019_Summer/100RECNX/RCNX5740.JPG,Caribou
589,RCNX5741.JPG,2019_Summer/100RECNX,/tank/data/nna/cameraTrap/prudhoe/15/2019_Summer/100RECNX/RCNX5741.JPG,Caribou
590,RCNX5742.JPG,2019_Summer/100RECNX,/tank/data/nna/cameraTrap/prudhoe/15/2019_Summer/100RECNX/RCNX5742.JPG,Caribou
591,RCNX5743.JPG,2019_Summer/100RECNX,/tank/data/nna/cameraTrap/prudhoe/15/2019_Summer/100RECNX/RCNX5743.JPG,Caribou
592,RCNX5744.JPG,2019_Summer/100RECNX,/tank/data/nna/cameraTrap/prudhoe/15/2019_Summer/100RECNX/RCNX5744.JPG,Caribou
593,RCNX5745.JPG,2019_Summer/100RECNX,/tank/data/nna/cameraTrap/prudhoe/15/2019_Summer/100RECNX/RCNX5745.JPG,Caribou
594,RCNX5746.JPG,2019_Summer/100RECNX,/tank/data/nna/cameraTrap/prudhoe/15/2019_Summer/100RECNX/RCNX5746.JPG,Caribou
595,RCNX5747.JPG,2019_Summer/100RECNX,/tank/data/nna/cameraTrap/prudhoe/15/2019_Summer/100RECNX/RCNX5747.JPG,Caribou
596,RCNX5748.JPG,2019_Summer/100RECNX,/tank/data/nna/cameraTrap/prudhoe/15/2019_Summer/100RECNX/RCNX5748.JPG,Caribou
597,RCNX5749.JPG,2019_Summer/100RECNX,/tank/data/nna/cameraTrap/prudhoe/15/2019_Summer/100RECNX/RCNX5749.JPG,Caribou
598,RCNX5750.JPG,2019_Summer/100RECNX,/tank/data/nna/cameraTrap/prudhoe/15/2019_Summer/100RECNX/RCNX5750.JPG,Caribou
599,RCNX5751.JPG,2019_Summer/100RECNX,/tank/data/nna/cameraTrap/prudhoe/15/2019_Summer/100RECNX/RCNX5751.JPG,Caribou
600,RCNX5752.JPG,2019_Summer/100RECNX,/tank/data/nna/cameraTrap/prudhoe/15/2019_Summer/100RECNX/RCNX5752.JPG,Caribou
601,RCNX5753.JPG,2019_Summer/100RECNX,/tank/data/nna/cameraTrap/prudhoe/15/2019_Summer/100RECNX/RCNX5753.JPG,Caribou
602,RCNX5754.JPG,2019_Summer/100RECNX,/tank/data/nna/cameraTrap/prudhoe/15/2019_Summer/100RECNX/RCNX5754.JPG,Caribou
603,RCNX5755.JPG,2019_Summer/100RECNX,/tank/data/nna/cameraTrap/prudhoe/15/2019_Summer/100RECNX/RCNX5755.JPG,Caribou
604,RCNX5756.JPG,2019_Summer/100RECNX,/tank/data/nna/cameraTrap/prudhoe/15/2019_Summer/100RECNX/RCNX5756.JPG,Caribou
605,RCNX5757.JPG,2019_Summer/100RECNX,/tank/data/nna/cameraTrap/prudhoe/15/2019_Summer/100RECNX/RCNX5757.JPG,Caribou
606,RCNX5758.JPG,2019_Summer/100RECNX,/tank/data/nna/cameraTrap/prudhoe/15/2019_Summer/100RECNX/RCNX5758.JPG,Caribou
607,RCNX5759.JPG,2019_Summer/100RECNX,/tank/data/nna/cameraTrap/prudhoe/15/2019_Summer/100RECNX/RCNX5759.JPG,Caribou
608,RCNX5770.JPG,2019_Summer/100RECNX,/tank/data/nna/cameraTrap/prudhoe/15/2019_Summer/100RECNX/RCNX5770.JPG,Caribou
609,RCNX5771.JPG,2019_Summer/100RECNX,/tank/data/nna/cameraTrap/prudhoe/15/2019_Summer/100RECNX/RCNX5771.JPG,Caribou
610,RCNX5772.JPG,2019_Summer/100RECNX,/tank/data/nna/cameraTrap/prudhoe/15/2019_Summer/100RECNX/RCNX5772.JPG,Caribou
611,RCNX5773.JPG,2019_Summer/100RECNX,/tank/data/nna/cameraTrap/prudhoe/15/2019_Summer/100RECNX/RCNX5773.JPG,Caribou
612,RCNX5774.JPG,2019_Summer/100RECNX,/tank/data/nna/cameraTrap/prudhoe/15/2019_Summer/100RECNX/RCNX5774.JPG,Caribou
613,RCNX5775.JPG,2019_Summer/100RECNX,/tank/data/nna/cameraTrap/prudhoe/15/2019_Summer/100RECNX/RCNX5775.JPG,Caribou
614,RCNX5776.JPG,2019_Summer/100RECNX,/tank/data/nna/cameraTrap/prudhoe/15/2019_Summer/100RECNX/RCNX5776.JPG,Caribou
615,RCNX5777.JPG,2019_Summer/100RECNX,/tank/data/nna/cameraTrap/prudhoe/15/2019_Summer/100RECNX/RCNX5777.JPG,Caribou
616,RCNX5782.JPG,2019_Summer/100RECNX,/tank/data/nna/cameraTrap/prudhoe/15/2019_Summer/100RECNX/RCNX5782.JPG,Caribou
617,RCNX5783.JPG,2019_Summer/100RECNX,/tank/data/nna/cameraTrap/prudhoe/15/2019_Summer/100RECNX/RCNX5783.JPG,Caribou
618,RCNX5784.JPG,2019_Summer/100RECNX,/tank/data/nna/cameraTrap/prudhoe/15/2019_Summer/100RECNX/RCNX5784.JPG,Caribou
619,RCNX5785.JPG,2019_Summer/100RECNX,/tank/data/nna/cameraTrap/prudhoe/15/2019_Summer/100RECNX/RCNX5785.JPG,Caribou
620,RCNX5786.JPG,2019_Summer/100RECNX,/tank/data/nna/cameraTrap/prudhoe/15/2019_Summer/100RECNX/RCNX5786.JPG,Caribou
621,RCNX5787.JPG,2019_Summer/100RECNX,/tank/data/nna/cameraTrap/prudhoe/15/2019_Summer/100RECNX/RCNX5787.JPG,Caribou
622,RCNX5929.JPG,2019_Summer/100RECNX,/tank/data/nna/cameraTrap/prudhoe/15/2019_Summer/100RECNX/RCNX5929.JPG,Caribou
623,RCNX5930.JPG,2019_Summer/100RECNX,/tank/data/nna/cameraTrap/prudhoe/15/2019_Summer/100RECNX/RCNX5930.JPG,Caribou
624,RCNX5931.JPG,2019_Summer/100RECNX,/tank/data/nna/cameraTrap/prudhoe/15/2019_Summer/100RECNX/RCNX5931.JPG,Caribou
625,RCNX5932.JPG,2019_Summer/100RECNX,/tank/data/nna/cameraTrap/prudhoe/15/2019_Summer/100RECNX/RCNX5932.JPG,Caribou
626,RCNX5933.JPG,2019_Summer/100RECNX,/tank/data/nna/cameraTrap/prudhoe/15/2019_Summer/100RECNX/RCNX5933.JPG,Caribou
627,RCNX5934.JPG,2019_Summer/100RECNX,/tank/data/nna/cameraTrap/prudhoe/15/2019_Summer/100RECNX/RCNX5934.JPG,Caribou
628,RCNX5950.JPG,2019_Summer/100RECNX,/tank/data/nna/cameraTrap/prudhoe/15/2019_Summer/100RECNX/RCNX5950.JPG,Caribou
629,RCNX5951.JPG,2019_Summer/100RECNX,/tank/data/nna/cameraTrap/prudhoe/15/2019_Summer/100RECNX/RCNX5951.JPG,Caribou
630,RCNX5952.JPG,2019_Summer/100RECNX,/tank/data/nna/cameraTrap/prudhoe/15/2019_Summer/100RECNX/RCNX5952.JPG,Caribou
631,RCNX5953.JPG,2019_Summer/100RECNX,/tank/data/nna/cameraTrap/prudhoe/15/2019_Summer/100RECNX/RCNX5953.JPG,Caribou
632,RCNX5954.JPG,2019_Summer/100RECNX,/tank/data/nna/cameraTrap/prudhoe/15/2019_Summer/100RECNX/RCNX5954.JPG,Caribou
633,RCNX5955.JPG,2019_Summer/100RECNX,/tank/data/nna/cameraTrap/prudhoe/15/2019_Summer/100RECNX/RCNX5955.JPG,Caribou
634,RCNX5956.JPG,2019_Summer/100RECNX,/tank/data/nna/cameraTrap/prudhoe/15/2019_Summer/100RECNX/RCNX5956.JPG,Caribou
635,RCNX5957.JPG,2019_Summer/100RECNX,/tank/data/nna/cameraTrap/prudhoe/15/2019_Summer/100RECNX/RCNX5957.JPG,Caribou
636,RCNX5958.JPG,2019_Summer/100RECNX,/tank/data/nna/cameraTrap/prudhoe/15/2019_Summer/100RECNX/RCNX5958.JPG,Caribou
637,RCNX5959.JPG,2019_Summer/100RECNX,/tank/data/nna/cameraTrap/prudhoe/15/2019_Summer/100RECNX/RCNX5959.JPG,Caribou
638,RCNX5960.JPG,2019_Summer/100RECNX,/tank/data/nna/cameraTrap/prudhoe/15/2019_Summer/100RECNX/RCNX5960.JPG,Caribou
639,RCNX5961.JPG,2019_Summer/100RECNX,/tank/data/nna/cameraTrap/prudhoe/15/2019_Summer/100RECNX/RCNX5961.JPG,Caribou
640,RCNX5962.JPG,2019_Summer/100RECNX,/tank/data/nna/cameraTrap/prudhoe/15/2019_Summer/100RECNX/RCNX5962.JPG,Caribou
641,RCNX5963.JPG,2019_Summer/100RECNX,/tank/data/nna/cameraTrap/prudhoe/15/2019_Summer/100RECNX/RCNX5963.JPG,Caribou
642,RCNX5964.JPG,2019_Summer/100RECNX,/tank/data/nna/cameraTrap/prudhoe/15/2019_Summer/100RECNX/RCNX5964.JPG,Caribou
643,RCNX5965.JPG,2019_Summer/100RECNX,/tank/data/nna/cameraTrap/prudhoe/15/2019_Summer/100RECNX/RCNX5965.JPG,Caribou
644,RCNX5966.JPG,2019_Summer/100RECNX,/tank/data/nna/cameraTrap/prudhoe/15/2019_Summer/100RECNX/RCNX5966.JPG,Caribou
645,RCNX5967.JPG,2019_Summer/100RECNX,/tank/data/nna/cameraTrap/prudhoe/15/2019_Summer/100RECNX/RCNX5967.JPG,Caribou
646,RCNX5968.JPG,2019_Summer/100RECNX,/tank/data/nna/cameraTrap/prudhoe/15/2019_Summer/100RECNX/RCNX5968.JPG,Caribou
647,RCNX5972.JPG,2019_Summer/100RECNX,/tank/data/nna/cameraTrap/prudhoe/15/2019_Summer/100RECNX/RCNX5972.JPG,Caribou
648,RCNX5975.JPG,2019_Summer/100RECNX,/tank/data/nna/cameraTrap/prudhoe/15/2019_Summer/100RECNX/RCNX5975.JPG,Caribou
649,RCNX5976.JPG,2019_Summer/100RECNX,/tank/data/nna/cameraTrap/prudhoe/15/2019_Summer/100RECNX/RCNX5976.JPG,Caribou
650,RCNX5977.JPG,2019_Summer/100RECNX,/tank/data/nna/cameraTrap/prudhoe/15/2019_Summer/100RECNX/RCNX5977.JPG,Caribou
651,RCNX5978.JPG,2019_Summer/100RECNX,/tank/data/nna/cameraTrap/prudhoe/15/2019_Summer/100RECNX/RCNX5978.JPG,Caribou
652,RCNX5979.JPG,2019_Summer/100RECNX,/tank/data/nna/cameraTrap/prudhoe/15/2019_Summer/100RECNX/RCNX5979.JPG,Caribou
653,RCNX5980.JPG,2019_Summer/100RECNX,/tank/data/nna/cameraTrap/prudhoe/15/2019_Summer/100RECNX/RCNX5980.JPG,Caribou
654,RCNX5981.JPG,2019_Summer/100RECNX,/tank/data/nna/cameraTrap/prudhoe/15/2019_Summer/100RECNX/RCNX5981.JPG,Caribou
655,RCNX5982.JPG,2019_Summer/100RECNX,/tank/data/nna/cameraTrap/prudhoe/15/2019_Summer/100RECNX/RCNX5982.JPG,Caribou
656,RCNX5983.JPG,2019_Summer/100RECNX,/tank/data/nna/cameraTrap/prudhoe/15/2019_Summer/100RECNX/RCNX5983.JPG,Caribou
657,RCNX5984.JPG,2019_Summer/100RECNX,/tank/data/nna/cameraTrap/prudhoe/15/2019_Summer/100RECNX/RCNX5984.JPG,Caribou
658,RCNX5985.JPG,2019_Summer/100RECNX,/tank/data/nna/cameraTrap/prudhoe/15/2019_Summer/100RECNX/RCNX5985.JPG,Caribou
659,RCNX5986.JPG,2019_Summer/100RECNX,/tank/data/nna/cameraTrap/prudhoe/15/2019_Summer/100RECNX/RCNX5986.JPG,Caribou
660,RCNX5987.JPG,2019_Summer/100RECNX,/tank/data/nna/cameraTrap/prudhoe/15/2019_Summer/100RECNX/RCNX5987.JPG,Caribou
661,RCNX5988.JPG,2019_Summer/100RECNX,/tank/data/nna/cameraTrap/prudhoe/15/2019_Summer/100RECNX/RCNX5988.JPG,Caribou
662,RCNX5989.JPG,2019_Summer/100RECNX,/tank/data/nna/cameraTrap/prudhoe/15/2019_Summer/100RECNX/RCNX5989.JPG,Caribou
663,RCNX5990.JPG,2019_Summer/100RECNX,/tank/data/nna/cameraTrap/prudhoe/15/2019_Summer/100RECNX/RCNX5990.JPG,Caribou
664,RCNX5991.JPG,2019_Summer/100RECNX,/tank/data/nna/cameraTrap/prudhoe/15/2019_Summer/100RECNX/RCNX5991.JPG,Caribou
665,RCNX5992.JPG,2019_Summer/100RECNX,/tank/data/nna/cameraTrap/prudhoe/15/2019_Summer/100RECNX/RCNX5992.JPG,Caribou
666,RCNX5993.JPG,2019_Summer/100RECNX,/tank/data/nna/cameraTrap/prudhoe/15/2019_Summer/100RECNX/RCNX5993.JPG,Caribou
667,RCNX5993.JPG,2019_Summer/100RECNX,/tank/data/nna/cameraTrap/prudhoe/15/2019_Summer/100RECNX/RCNX5993.JPG,Human
668,RCNX5994.JPG,2019_Summer/100RECNX,/tank/data/nna/cameraTrap/prudhoe/15/2019_Summer/100RECNX/RCNX5994.JPG,Caribou
669,RCNX6022.JPG,2019_Summer/100RECNX,/tank/data/nna/cameraTrap/prudhoe/15/2019_Summer/100RECNX/RCNX6022.JPG,Human
670,RCNX6023.JPG,2019_Summer/100RECNX,/tank/data/nna/cameraTrap/prudhoe/15/2019_Summer/100RECNX/RCNX6023.JPG,Human
671,RCNX6040.JPG,2019_Summer/100RECNX,/tank/data/nna/cameraTrap/prudhoe/15/2019_Summer/100RECNX/RCNX6040.JPG,Human
672,RCNX6041.JPG,2019_Summer/100RECNX,/tank/data/nna/cameraTrap/prudhoe/15/2019_Summer/100RECNX/RCNX6041.JPG,Human
673,RCNX6044.JPG,2019_Summer/100RECNX,/tank/data/nna/cameraTrap/prudhoe/15/2019_Summer/100RECNX/RCNX6044.JPG,Human
674,RCNX6113.JPG,2019_Summer/100RECNX,/tank/data/nna/cameraTrap/prudhoe/15/2019_Summer/100RECNX/RCNX6113.JPG,Caribou
675,RCNX6114.JPG,2019_Summer/100RECNX,/tank/data/nna/cameraTrap/prudhoe/15/2019_Summer/100RECNX/RCNX6114.JPG,Caribou
676,RCNX6115.JPG,2019_Summer/100RECNX,/tank/data/nna/cameraTrap/prudhoe/15/2019_Summer/100RECNX/RCNX6115.JPG,Caribou
677,RCNX6118.JPG,2019_Summer/100RECNX,/tank/data/nna/cameraTrap/prudhoe/15/2019_Summer/100RECNX/RCNX6118.JPG,Misc_Land_Animal
678,RCNX6143.JPG,2019_Summer/100RECNX,/tank/data/nna/cameraTrap/prudhoe/15/2019_Summer/100RECNX/RCNX6143.JPG,Human
679,RCNX6152.JPG,2019_Summer/100RECNX,/tank/data/nna/cameraTrap/prudhoe/15/2019_Summer/100RECNX/RCNX6152.JPG,Misc_Land_Animal
680,RCNX6152.JPG,2019_Summer/100RECNX,/tank/data/nna/cameraTrap/prudhoe/15/2019_Summer/100RECNX/RCNX6152.JPG,Human
681,RCNX6153.JPG,2019_Summer/100RECNX,/tank/data/nna/cameraTrap/prudhoe/15/2019_Summer/100RECNX/RCNX6153.JPG,Misc_Land_Animal
682,RCNX6219.JPG,2019_Summer/100RECNX,/tank/data/nna/cameraTrap/prudhoe/15/2019_Summer/100RECNX/RCNX6219.JPG,Human
683,RCNX6418.JPG,2019_Summer/100RECNX,/tank/data/nna/cameraTrap/prudhoe/15/2019_Summer/100RECNX/RCNX6418.JPG,Caribou
684,RCNX6419.JPG,2019_Summer/100RECNX,/tank/data/nna/cameraTrap/prudhoe/15/2019_Summer/100RECNX/RCNX6419.JPG,Caribou
685,RCNX6420.JPG,2019_Summer/100RECNX,/tank/data/nna/cameraTrap/prudhoe/15/2019_Summer/100RECNX/RCNX6420.JPG,Caribou
686,RCNX6421.JPG,2019_Summer/100RECNX,/tank/data/nna/cameraTrap/prudhoe/15/2019_Summer/100RECNX/RCNX6421.JPG,Caribou
687,RCNX6422.JPG,2019_Summer/100RECNX,/tank/data/nna/cameraTrap/prudhoe/15/2019_Summer/100RECNX/RCNX6422.JPG,Caribou
688,RCNX6423.JPG,2019_Summer/100RECNX,/tank/data/nna/cameraTrap/prudhoe/15/2019_Summer/100RECNX/RCNX6423.JPG,Caribou
689,RCNX6618.JPG,2019_Summer/100RECNX,/tank/data/nna/cameraTrap/prudhoe/15/2019_Summer/100RECNX/RCNX6618.JPG,Human
690,RCNX6621.JPG,2019_Summer/100RECNX,/tank/data/nna/cameraTrap/prudhoe/15/2019_Summer/100RECNX/RCNX6621.JPG,Human
691,RCNX6888.JPG,2019_Summer/100RECNX,/tank/data/nna/cameraTrap/prudhoe/15/2019_Summer/100RECNX/RCNX6888.JPG,Human
692,RCNX6894.JPG,2019_Summer/100RECNX,/tank/data/nna/cameraTrap/prudhoe/15/2019_Summer/100RECNX/RCNX6894.JPG,Human
693,RCNX6902.JPG,2019_Summer/100RECNX,/tank/data/nna/cameraTrap/prudhoe/15/2019_Summer/100RECNX/RCNX6902.JPG,Human
694,RCNX6949.JPG,2019_Summer/100RECNX,/tank/data/nna/cameraTrap/prudhoe/15/2019_Summer/100RECNX/RCNX6949.JPG,Human
695,RCNX7463.JPG,2019_Summer/100RECNX,/tank/data/nna/cameraTrap/prudhoe/15/2019_Summer/100RECNX/RCNX7463.JPG,Caribou
696,RCNX7567.JPG,2019_Summer/100RECNX,/tank/data/nna/cameraTrap/prudhoe/15/2019_Summer/100RECNX/RCNX7567.JPG,Caribou
697,RCNX7568.JPG,2019_Summer/100RECNX,/tank/data/nna/cameraTrap/prudhoe/15/2019_Summer/100RECNX/RCNX7568.JPG,Caribou
698,RCNX7694.JPG,2019_Summer/100RECNX,/tank/data/nna/cameraTrap/prudhoe/15/2019_Summer/100RECNX/RCNX7694.JPG,Caribou
699,RCNX7757.JPG,2019_Summer/100RECNX,/tank/data/nna/cameraTrap/prudhoe/15/2019_Summer/100RECNX/RCNX7757.JPG,Human
700,RCNX7794.JPG,2019_Summer/100RECNX,/tank/data/nna/cameraTrap/prudhoe/15/2019_Summer/100RECNX/RCNX7794.JPG,Caribou
701,RCNX7795.JPG,2019_Summer/100RECNX,/tank/data/nna/cameraTrap/prudhoe/15/2019_Summer/100RECNX/RCNX7795.JPG,Caribou
702,RCNX7796.JPG,2019_Summer/100RECNX,/tank/data/nna/cameraTrap/prudhoe/15/2019_Summer/100RECNX/RCNX7796.JPG,Caribou
703,RCNX7797.JPG,2019_Summer/100RECNX,/tank/data/nna/cameraTrap/prudhoe/15/2019_Summer/100RECNX/RCNX7797.JPG,Caribou
704,RCNX7798.JPG,2019_Summer/100RECNX,/tank/data/nna/cameraTrap/prudhoe/15/2019_Summer/100RECNX/RCNX7798.JPG,Caribou
705,RCNX7799.JPG,2019_Summer/100RECNX,/tank/data/nna/cameraTrap/prudhoe/15/2019_Summer/100RECNX/RCNX7799.JPG,Caribou
706,RCNX7800.JPG,2019_Summer/100RECNX,/tank/data/nna/cameraTrap/prudhoe/15/2019_Summer/100RECNX/RCNX7800.JPG,Caribou
707,RCNX7801.JPG,2019_Summer/100RECNX,/tank/data/nna/cameraTrap/prudhoe/15/2019_Summer/100RECNX/RCNX7801.JPG,Caribou
708,RCNX7802.JPG,2019_Summer/100RECNX,/tank/data/nna/cameraTrap/prudhoe/15/2019_Summer/100RECNX/RCNX7802.JPG,Caribou
709,RCNX7803.JPG,2019_Summer/100RECNX,/tank/data/nna/cameraTrap/prudhoe/15/2019_Summer/100RECNX/RCNX7803.JPG,Caribou
710,RCNX7804.JPG,2019_Summer/100RECNX,/tank/data/nna/cameraTrap/prudhoe/15/2019_Summer/100RECNX/RCNX7804.JPG,Caribou
711,RCNX7805.JPG,2019_Summer/100RECNX,/tank/data/nna/cameraTrap/prudhoe/15/2019_Summer/100RECNX/RCNX7805.JPG,Caribou
712,RCNX7806.JPG,2019_Summer/100RECNX,/tank/data/nna/cameraTrap/prudhoe/15/2019_Summer/100RECNX/RCNX7806.JPG,Caribou
713,RCNX7807.JPG,2019_Summer/100RECNX,/tank/data/nna/cameraTrap/prudhoe/15/2019_Summer/100RECNX/RCNX7807.JPG,Caribou
714,RCNX7808.JPG,2019_Summer/100RECNX,/tank/data/nna/cameraTrap/prudhoe/15/2019_Summer/100RECNX/RCNX7808.JPG,Caribou
715,RCNX7809.JPG,2019_Summer/100RECNX,/tank/data/nna/cameraTrap/prudhoe/15/2019_Summer/100RECNX/RCNX7809.JPG,Human
716,RCNX7815.JPG,2019_Summer/100RECNX,/tank/data/nna/cameraTrap/prudhoe/15/2019_Summer/100RECNX/RCNX7815.JPG,Human
717,RCNX8659.JPG,2019_Summer/100RECNX,/tank/data/nna/cameraTrap/prudhoe/15/2019_Summer/100RECNX/RCNX8659.JPG,Human
718,RCNX8743.JPG,2019_Summer/100RECNX,/tank/data/nna/cameraTrap/prudhoe/15/2019_Summer/100RECNX/RCNX8743.JPG,Caribou
719,RCNX8744.JPG,2019_Summer/100RECNX,/tank/data/nna/cameraTrap/prudhoe/15/2019_Summer/100RECNX/RCNX8744.JPG,Caribou
720,RCNX8745.JPG,2019_Summer/100RECNX,/tank/data/nna/cameraTrap/prudhoe/15/2019_Summer/100RECNX/RCNX8745.JPG,Caribou
721,RCNX8746.JPG,2019_Summer/100RECNX,/tank/data/nna/cameraTrap/prudhoe/15/2019_Summer/100RECNX/RCNX8746.JPG,Caribou
722,RCNX8747.JPG,2019_Summer/100RECNX,/tank/data/nna/cameraTrap/prudhoe/15/2019_Summer/100RECNX/RCNX8747.JPG,Caribou
723,RCNX8748.JPG,2019_Summer/100RECNX,/tank/data/nna/cameraTrap/prudhoe/15/2019_Summer/100RECNX/RCNX8748.JPG,Caribou
724,RCNX8749.JPG,2019_Summer/100RECNX,/tank/data/nna/cameraTrap/prudhoe/15/2019_Summer/100RECNX/RCNX8749.JPG,Caribou
725,RCNX8750.JPG,2019_Summer/100RECNX,/tank/data/nna/cameraTrap/prudhoe/15/2019_Summer/100RECNX/RCNX8750.JPG,Caribou
726,RCNX8751.JPG,2019_Summer/100RECNX,/tank/data/nna/cameraTrap/prudhoe/15/2019_Summer/100RECNX/RCNX8751.JPG,Caribou
727,RCNX8752.JPG,2019_Summer/100RECNX,/tank/data/nna/cameraTrap/prudhoe/15/2019_Summer/100RECNX/RCNX8752.JPG,Caribou
728,RCNX8753.JPG,2019_Summer/100RECNX,/tank/data/nna/cameraTrap/prudhoe/15/2019_Summer/100RECNX/RCNX8753.JPG,Caribou
729,RCNX8754.JPG,2019_Summer/100RECNX,/tank/data/nna/cameraTrap/prudhoe/15/2019_Summer/100RECNX/RCNX8754.JPG,Caribou
730,RCNX8815.JPG,2019_Summer/100RECNX,/tank/data/nna/cameraTrap/prudhoe/15/2019_Summer/100RECNX/RCNX8815.JPG,Bear
731,RCNX9211.JPG,2019_Summer/100RECNX,/tank/data/nna/cameraTrap/prudhoe/15/2019_Summer/100RECNX/RCNX9211.JPG,Sea_Shore_Bird
732,RCNX9525.JPG,2019_Summer/100RECNX,/tank/data/nna/cameraTrap/prudhoe/15/2019_Summer/100RECNX/RCNX9525.JPG,Human
733,RCNX9842.JPG,2019_Summer/100RECNX,/tank/data/nna/cameraTrap/prudhoe/15/2019_Summer/100RECNX/RCNX9842.JPG,Human
734,RCNX0062.JPG,2019_Summer/101RECNX,/tank/data/nna/cameraTrap/prudhoe/15/2019_Summer/101RECNX/RCNX0062.JPG,Caribou
735,RCNX0063.JPG,2019_Summer/101RECNX,/tank/data/nna/cameraTrap/prudhoe/15/2019_Summer/101RECNX/RCNX0063.JPG,Caribou
736,RCNX0064.JPG,2019_Summer/101RECNX,/tank/data/nna/cameraTrap/prudhoe/15/2019_Summer/101RECNX/RCNX0064.JPG,Caribou
737,RCNX0065.JPG,2019_Summer/101RECNX,/tank/data/nna/cameraTrap/prudhoe/15/2019_Summer/101RECNX/RCNX0065.JPG,Caribou
738,RCNX0066.JPG,2019_Summer/101RECNX,/tank/data/nna/cameraTrap/prudhoe/15/2019_Summer/101RECNX/RCNX0066.JPG,Caribou
739,RCNX0067.JPG,2019_Summer/101RECNX,/tank/data/nna/cameraTrap/prudhoe/15/2019_Summer/101RECNX/RCNX0067.JPG,Caribou
740,RCNX0068.JPG,2019_Summer/101RECNX,/tank/data/nna/cameraTrap/prudhoe/15/2019_Summer/101RECNX/RCNX0068.JPG,Caribou
741,RCNX0069.JPG,2019_Summer/101RECNX,/tank/data/nna/cameraTrap/prudhoe/15/2019_Summer/101RECNX/RCNX0069.JPG,Caribou
742,RCNX0070.JPG,2019_Summer/101RECNX,/tank/data/nna/cameraTrap/prudhoe/15/2019_Summer/101RECNX/RCNX0070.JPG,Caribou
743,RCNX0071.JPG,2019_Summer/101RECNX,/tank/data/nna/cameraTrap/prudhoe/15/2019_Summer/101RECNX/RCNX0071.JPG,Caribou
744,RCNX0074.JPG,2019_Summer/101RECNX,/tank/data/nna/cameraTrap/prudhoe/15/2019_Summer/101RECNX/RCNX0074.JPG,Human
745,RCNX0293.JPG,2019_Summer/101RECNX,/tank/data/nna/cameraTrap/prudhoe/15/2019_Summer/101RECNX/RCNX0293.JPG,Human
746,RCNX0368.JPG,2019_Summer/101RECNX,/tank/data/nna/cameraTrap/prudhoe/15/2019_Summer/101RECNX/RCNX0368.JPG,Bear
747,RCNX0368.JPG,2019_Summer/101RECNX,/tank/data/nna/cameraTrap/prudhoe/15/2019_Summer/101RECNX/RCNX0368.JPG,Human
748,RCNX0370.JPG,2019_Summer/101RECNX,/tank/data/nna/cameraTrap/prudhoe/15/2019_Summer/101RECNX/RCNX0370.JPG,Bear
749,RCNX0371.JPG,2019_Summer/101RECNX,/tank/data/nna/cameraTrap/prudhoe/15/2019_Summer/101RECNX/RCNX0371.JPG,Bear
750,RCNX0374.JPG,2019_Summer/101RECNX,/tank/data/nna/cameraTrap/prudhoe/15/2019_Summer/101RECNX/RCNX0374.JPG,Bear
751,RCNX0380.JPG,2019_Summer/101RECNX,/tank/data/nna/cameraTrap/prudhoe/15/2019_Summer/101RECNX/RCNX0380.JPG,Human
752,RCNX0417.JPG,2019_Summer/101RECNX,/tank/data/nna/cameraTrap/prudhoe/15/2019_Summer/101RECNX/RCNX0417.JPG,Human
753,RCNX0766.JPG,2019_Summer/101RECNX,/tank/data/nna/cameraTrap/prudhoe/15/2019_Summer/101RECNX/RCNX0766.JPG,Caribou
754,RCNX0767.JPG,2019_Summer/101RECNX,/tank/data/nna/cameraTrap/prudhoe/15/2019_Summer/101RECNX/RCNX0767.JPG,Caribou
755,RCNX0768.JPG,2019_Summer/101RECNX,/tank/data/nna/cameraTrap/prudhoe/15/2019_Summer/101RECNX/RCNX0768.JPG,Caribou
756,RCNX1001.JPG,2019_Summer/101RECNX,/tank/data/nna/cameraTrap/prudhoe/15/2019_Summer/101RECNX/RCNX1001.JPG,Human
757,RCNX1031.JPG,2019_Summer/101RECNX,/tank/data/nna/cameraTrap/prudhoe/15/2019_Summer/101RECNX/RCNX1031.JPG,Human
758,RCNX1032.JPG,2019_Summer/101RECNX,/tank/data/nna/cameraTrap/prudhoe/15/2019_Summer/101RECNX/RCNX1032.JPG,Human
759,RCNX1602.JPG,2019_Summer/101RECNX,/tank/data/nna/cameraTrap/prudhoe/15/2019_Summer/101RECNX/RCNX1602.JPG,Misc_Land_Animal
760,RCNX1617.JPG,2019_Summer/101RECNX,/tank/data/nna/cameraTrap/prudhoe/15/2019_Summer/101RECNX/RCNX1617.JPG,Misc_Land_Animal
761,RCNX1868.JPG,2019_Summer/101RECNX,/tank/data/nna/cameraTrap/prudhoe/15/2019_Summer/101RECNX/RCNX1868.JPG,Waterfowl
762,RCNX1869.JPG,2019_Summer/101RECNX,/tank/data/nna/cameraTrap/prudhoe/15/2019_Summer/101RECNX/RCNX1869.JPG,Waterfowl
763,RCNX1870.JPG,2019_Summer/101RECNX,/tank/data/nna/cameraTrap/prudhoe/15/2019_Summer/101RECNX/RCNX1870.JPG,Waterfowl
764,RCNX1871.JPG,2019_Summer/101RECNX,/tank/data/nna/cameraTrap/prudhoe/15/2019_Summer/101RECNX/RCNX1871.JPG,Waterfowl
765,RCNX1872.JPG,2019_Summer/101RECNX,/tank/data/nna/cameraTrap/prudhoe/15/2019_Summer/101RECNX/RCNX1872.JPG,Waterfowl
766,RCNX1873.JPG,2019_Summer/101RECNX,/tank/data/nna/cameraTrap/prudhoe/15/2019_Summer/101RECNX/RCNX1873.JPG,Waterfowl
767,RCNX1874.JPG,2019_Summer/101RECNX,/tank/data/nna/cameraTrap/prudhoe/15/2019_Summer/101RECNX/RCNX1874.JPG,Waterfowl
768,RCNX1875.JPG,2019_Summer/101RECNX,/tank/data/nna/cameraTrap/prudhoe/15/2019_Summer/101RECNX/RCNX1875.JPG,Waterfowl
769,RCNX1876.JPG,2019_Summer/101RECNX,/tank/data/nna/cameraTrap/prudhoe/15/2019_Summer/101RECNX/RCNX1876.JPG,Waterfowl
770,RCNX1877.JPG,2019_Summer/101RECNX,/tank/data/nna/cameraTrap/prudhoe/15/2019_Summer/101RECNX/RCNX1877.JPG,Waterfowl
771,RCNX1878.JPG,2019_Summer/101RECNX,/tank/data/nna/cameraTrap/prudhoe/15/2019_Summer/101RECNX/RCNX1878.JPG,Waterfowl
772,RCNX1879.JPG,2019_Summer/101RECNX,/tank/data/nna/cameraTrap/prudhoe/15/2019_Summer/101RECNX/RCNX1879.JPG,Waterfowl
773,RCNX1880.JPG,2019_Summer/101RECNX,/tank/data/nna/cameraTrap/prudhoe/15/2019_Summer/101RECNX/RCNX1880.JPG,Waterfowl
774,RCNX1881.JPG,2019_Summer/101RECNX,/tank/data/nna/cameraTrap/prudhoe/15/2019_Summer/101RECNX/RCNX1881.JPG,Waterfowl
775,RCNX1882.JPG,2019_Summer/101RECNX,/tank/data/nna/cameraTrap/prudhoe/15/2019_Summer/101RECNX/RCNX1882.JPG,Waterfowl
776,RCNX1883.JPG,2019_Summer/101RECNX,/tank/data/nna/cameraTrap/prudhoe/15/2019_Summer/101RECNX/RCNX1883.JPG,Waterfowl
777,RCNX1884.JPG,2019_Summer/101RECNX,/tank/data/nna/cameraTrap/prudhoe/15/2019_Summer/101RECNX/RCNX1884.JPG,Waterfowl
778,RCNX1885.JPG,2019_Summer/101RECNX,/tank/data/nna/cameraTrap/prudhoe/15/2019_Summer/101RECNX/RCNX1885.JPG,Waterfowl
779,RCNX1886.JPG,2019_Summer/101RECNX,/tank/data/nna/cameraTrap/prudhoe/15/2019_Summer/101RECNX/RCNX1886.JPG,Waterfowl
780,RCNX1887.JPG,2019_Summer/101RECNX,/tank/data/nna/cameraTrap/prudhoe/15/2019_Summer/101RECNX/RCNX1887.JPG,Waterfowl
781,RCNX1888.JPG,2019_Summer/101RECNX,/tank/data/nna/cameraTrap/prudhoe/15/2019_Summer/101RECNX/RCNX1888.JPG,Waterfowl
782,RCNX1889.JPG,2019_Summer/101RECNX,/tank/data/nna/cameraTrap/prudhoe/15/2019_Summer/101RECNX/RCNX1889.JPG,Waterfowl
783,RCNX1890.JPG,2019_Summer/101RECNX,/tank/data/nna/cameraTrap/prudhoe/15/2019_Summer/101RECNX/RCNX1890.JPG,Waterfowl
784,RCNX1891.JPG,2019_Summer/101RECNX,/tank/data/nna/cameraTrap/prudhoe/15/2019_Summer/101RECNX/RCNX1891.JPG,Waterfowl
785,RCNX1892.JPG,2019_Summer/101RECNX,/tank/data/nna/cameraTrap/prudhoe/15/2019_Summer/101RECNX/RCNX1892.JPG,Waterfowl
786,RCNX1893.JPG,2019_Summer/101RECNX,/tank/data/nna/cameraTrap/prudhoe/15/2019_Summer/101RECNX/RCNX1893.JPG,Waterfowl
787,RCNX1894.JPG,2019_Summer/101RECNX,/tank/data/nna/cameraTrap/prudhoe/15/2019_Summer/101RECNX/RCNX1894.JPG,Waterfowl
788,RCNX1895.JPG,2019_Summer/101RECNX,/tank/data/nna/cameraTrap/prudhoe/15/2019_Summer/101RECNX/RCNX1895.JPG,Waterfowl
789,RCNX1896.JPG,2019_Summer/101RECNX,/tank/data/nna/cameraTrap/prudhoe/15/2019_Summer/101RECNX/RCNX1896.JPG,Waterfowl
790,RCNX1897.JPG,2019_Summer/101RECNX,/tank/data/nna/cameraTrap/prudhoe/15/2019_Summer/101RECNX/RCNX1897.JPG,Waterfowl
791,RCNX1898.JPG,2019_Summer/101RECNX,/tank/data/nna/cameraTrap/prudhoe/15/2019_Summer/101RECNX/RCNX1898.JPG,Waterfowl
792,RCNX1899.JPG,2019_Summer/101RECNX,/tank/data/nna/cameraTrap/prudhoe/15/2019_Summer/101RECNX/RCNX1899.JPG,Waterfowl
793,RCNX1900.JPG,2019_Summer/101RECNX,/tank/data/nna/cameraTrap/prudhoe/15/2019_Summer/101RECNX/RCNX1900.JPG,Waterfowl
794,RCNX1901.JPG,2019_Summer/101RECNX,/tank/data/nna/cameraTrap/prudhoe/15/2019_Summer/101RECNX/RCNX1901.JPG,Waterfowl
795,RCNX1902.JPG,2019_Summer/101RECNX,/tank/data/nna/cameraTrap/prudhoe/15/2019_Summer/101RECNX/RCNX1902.JPG,Waterfowl
796,RCNX1903.JPG,2019_Summer/101RECNX,/tank/data/nna/cameraTrap/prudhoe/15/2019_Summer/101RECNX/RCNX1903.JPG,Waterfowl
797,RCNX1904.JPG,2019_Summer/101RECNX,/tank/data/nna/cameraTrap/prudhoe/15/2019_Summer/101RECNX/RCNX1904.JPG,Waterfowl
798,RCNX1905.JPG,2019_Summer/101RECNX,/tank/data/nna/cameraTrap/prudhoe/15/2019_Summer/101RECNX/RCNX1905.JPG,Waterfowl
799,RCNX1906.JPG,2019_Summer/101RECNX,/tank/data/nna/cameraTrap/prudhoe/15/2019_Summer/101RECNX/RCNX1906.JPG,Waterfowl
800,RCNX1907.JPG,2019_Summer/101RECNX,/tank/data/nna/cameraTrap/prudhoe/15/2019_Summer/101RECNX/RCNX1907.JPG,Other
801,RCNX1907.JPG,2019_Summer/101RECNX,/tank/data/nna/cameraTrap/prudhoe/15/2019_Summer/101RECNX/RCNX1907.JPG,Waterfowl
802,RCNX1908.JPG,2019_Summer/101RECNX,/tank/data/nna/cameraTrap/prudhoe/15/2019_Summer/101RECNX/RCNX1908.JPG,Waterfowl
803,RCNX1909.JPG,2019_Summer/101RECNX,/tank/data/nna/cameraTrap/prudhoe/15/2019_Summer/101RECNX/RCNX1909.JPG,Waterfowl
804,RCNX1910.JPG,2019_Summer/101RECNX,/tank/data/nna/cameraTrap/prudhoe/15/2019_Summer/101RECNX/RCNX1910.JPG,Waterfowl
805,RCNX1911.JPG,2019_Summer/101RECNX,/tank/data/nna/cameraTrap/prudhoe/15/2019_Summer/101RECNX/RCNX1911.JPG,Waterfowl
806,RCNX1912.JPG,2019_Summer/101RECNX,/tank/data/nna/cameraTrap/prudhoe/15/2019_Summer/101RECNX/RCNX1912.JPG,Waterfowl
807,RCNX1913.JPG,2019_Summer/101RECNX,/tank/data/nna/cameraTrap/prudhoe/15/2019_Summer/101RECNX/RCNX1913.JPG,Waterfowl
808,RCNX1914.JPG,2019_Summer/101RECNX,/tank/data/nna/cameraTrap/prudhoe/15/2019_Summer/101RECNX/RCNX1914.JPG,Waterfowl
809,RCNX1915.JPG,2019_Summer/101RECNX,/tank/data/nna/cameraTrap/prudhoe/15/2019_Summer/101RECNX/RCNX1915.JPG,Waterfowl
810,RCNX1916.JPG,2019_Summer/101RECNX,/tank/data/nna/cameraTrap/prudhoe/15/2019_Summer/101RECNX/RCNX1916.JPG,Waterfowl
811,RCNX1917.JPG,2019_Summer/101RECNX,/tank/data/nna/cameraTrap/prudhoe/15/2019_Summer/101RECNX/RCNX1917.JPG,Waterfowl
812,RCNX1918.JPG,2019_Summer/101RECNX,/tank/data/nna/cameraTrap/prudhoe/15/2019_Summer/101RECNX/RCNX1918.JPG,Waterfowl
813,RCNX1919.JPG,2019_Summer/101RECNX,/tank/data/nna/cameraTrap/prudhoe/15/2019_Summer/101RECNX/RCNX1919.JPG,Waterfowl
814,RCNX1920.JPG,2019_Summer/101RECNX,/tank/data/nna/cameraTrap/prudhoe/15/2019_Summer/101RECNX/RCNX1920.JPG,Waterfowl
815,RCNX1921.JPG,2019_Summer/101RECNX,/tank/data/nna/cameraTrap/prudhoe/15/2019_Summer/101RECNX/RCNX1921.JPG,Waterfowl
816,RCNX1922.JPG,2019_Summer/101RECNX,/tank/data/nna/cameraTrap/prudhoe/15/2019_Summer/101RECNX/RCNX1922.JPG,Waterfowl
817,RCNX1923.JPG,2019_Summer/101RECNX,/tank/data/nna/cameraTrap/prudhoe/15/2019_Summer/101RECNX/RCNX1923.JPG,Waterfowl
818,RCNX1924.JPG,2019_Summer/101RECNX,/tank/data/nna/cameraTrap/prudhoe/15/2019_Summer/101RECNX/RCNX1924.JPG,Waterfowl
819,RCNX1925.JPG,2019_Summer/101RECNX,/tank/data/nna/cameraTrap/prudhoe/15/2019_Summer/101RECNX/RCNX1925.JPG,Waterfowl
820,RCNX1926.JPG,2019_Summer/101RECNX,/tank/data/nna/cameraTrap/prudhoe/15/2019_Summer/101RECNX/RCNX1926.JPG,Waterfowl
821,RCNX1927.JPG,2019_Summer/101RECNX,/tank/data/nna/cameraTrap/prudhoe/15/2019_Summer/101RECNX/RCNX1927.JPG,Waterfowl
822,RCNX1928.JPG,2019_Summer/101RECNX,/tank/data/nna/cameraTrap/prudhoe/15/2019_Summer/101RECNX/RCNX1928.JPG,Waterfowl
823,RCNX1929.JPG,2019_Summer/101RECNX,/tank/data/nna/cameraTrap/prudhoe/15/2019_Summer/101RECNX/RCNX1929.JPG,Waterfowl
824,RCNX1930.JPG,2019_Summer/101RECNX,/tank/data/nna/cameraTrap/prudhoe/15/2019_Summer/101RECNX/RCNX1930.JPG,Waterfowl
825,RCNX1931.JPG,2019_Summer/101RECNX,/tank/data/nna/cameraTrap/prudhoe/15/2019_Summer/101RECNX/RCNX1931.JPG,Waterfowl
826,RCNX1932.JPG,2019_Summer/101RECNX,/tank/data/nna/cameraTrap/prudhoe/15/2019_Summer/101RECNX/RCNX1932.JPG,Waterfowl
827,RCNX1933.JPG,2019_Summer/101RECNX,/tank/data/nna/cameraTrap/prudhoe/15/2019_Summer/101RECNX/RCNX1933.JPG,Waterfowl
828,RCNX1934.JPG,2019_Summer/101RECNX,/tank/data/nna/cameraTrap/prudhoe/15/2019_Summer/101RECNX/RCNX1934.JPG,Waterfowl
829,RCNX1935.JPG,2019_Summer/101RECNX,/tank/data/nna/cameraTrap/prudhoe/15/2019_Summer/101RECNX/RCNX1935.JPG,Waterfowl
830,RCNX1936.JPG,2019_Summer/101RECNX,/tank/data/nna/cameraTrap/prudhoe/15/2019_Summer/101RECNX/RCNX1936.JPG,Waterfowl
831,RCNX2104.JPG,2019_Summer/101RECNX,/tank/data/nna/cameraTrap/prudhoe/15/2019_Summer/101RECNX/RCNX2104.JPG,Human
832,RCNX2159.JPG,2019_Summer/101RECNX,/tank/data/nna/cameraTrap/prudhoe/15/2019_Summer/101RECNX/RCNX2159.JPG,Human
833,RCNX2306.JPG,2019_Summer/101RECNX,/tank/data/nna/cameraTrap/prudhoe/15/2019_Summer/101RECNX/RCNX2306.JPG,Other
834,RCNX2320.JPG,2019_Summer/101RECNX,/tank/data/nna/cameraTrap/prudhoe/15/2019_Summer/101RECNX/RCNX2320.JPG,Human
835,RCNX2459.JPG,2019_Summer/101RECNX,/tank/data/nna/cameraTrap/prudhoe/15/2019_Summer/101RECNX/RCNX2459.JPG,Human
836,RCNX3355.JPG,2019_Summer/101RECNX,/tank/data/nna/cameraTrap/prudhoe/15/2019_Summer/101RECNX/RCNX3355.JPG,Human
837,RCNX3381.JPG,2019_Summer/101RECNX,/tank/data/nna/cameraTrap/prudhoe/15/2019_Summer/101RECNX/RCNX3381.JPG,Waterfowl
838,RCNX3382.JPG,2019_Summer/101RECNX,/tank/data/nna/cameraTrap/prudhoe/15/2019_Summer/101RECNX/RCNX3382.JPG,Waterfowl
839,RCNX3600.JPG,2019_Summer/101RECNX,/tank/data/nna/cameraTrap/prudhoe/15/2019_Summer/101RECNX/RCNX3600.JPG,Human
840,RCNX3618.JPG,2019_Summer/101RECNX,/tank/data/nna/cameraTrap/prudhoe/15/2019_Summer/101RECNX/RCNX3618.JPG,Human
841,RCNX3626.JPG,2019_Summer/101RECNX,/tank/data/nna/cameraTrap/prudhoe/15/2019_Summer/101RECNX/RCNX3626.JPG,Waterfowl
842,RCNX3629.JPG,2019_Summer/101RECNX,/tank/data/nna/cameraTrap/prudhoe/15/2019_Summer/101RECNX/RCNX3629.JPG,Misc_Land_Animal
843,RCNX3696.JPG,2019_Summer/101RECNX,/tank/data/nna/cameraTrap/prudhoe/15/2019_Summer/101RECNX/RCNX3696.JPG,Waterfowl
844,RCNX3697.JPG,2019_Summer/101RECNX,/tank/data/nna/cameraTrap/prudhoe/15/2019_Summer/101RECNX/RCNX3697.JPG,Waterfowl
845,RCNX3716.JPG,2019_Summer/101RECNX,/tank/data/nna/cameraTrap/prudhoe/15/2019_Summer/101RECNX/RCNX3716.JPG,Human
846,RCNX3716.JPG,2019_Summer/101RECNX,/tank/data/nna/cameraTrap/prudhoe/15/2019_Summer/101RECNX/RCNX3716.JPG,Sea_Shore_Bird
847,RCNX3852.JPG,2019_Summer/101RECNX,/tank/data/nna/cameraTrap/prudhoe/15/2019_Summer/101RECNX/RCNX3852.JPG,Human
848,RCNX4184.JPG,2019_Summer/101RECNX,/tank/data/nna/cameraTrap/prudhoe/15/2019_Summer/101RECNX/RCNX4184.JPG,Human
849,RCNX4192.JPG,2019_Summer/101RECNX,/tank/data/nna/cameraTrap/prudhoe/15/2019_Summer/101RECNX/RCNX4192.JPG,Human
850,RCNX4370.JPG,2019_Summer/101RECNX,/tank/data/nna/cameraTrap/prudhoe/15/2019_Summer/101RECNX/RCNX4370.JPG,Misc_Land_Animal
851,RCNX4371.JPG,2019_Summer/101RECNX,/tank/data/nna/cameraTrap/prudhoe/15/2019_Summer/101RECNX/RCNX4371.JPG,Misc_Land_Animal
852,RCNX4869.JPG,2019_Summer/101RECNX,/tank/data/nna/cameraTrap/prudhoe/15/2019_Summer/101RECNX/RCNX4869.JPG,Human
853,RCNX5197.JPG,2019_Summer/101RECNX,/tank/data/nna/cameraTrap/prudhoe/15/2019_Summer/101RECNX/RCNX5197.JPG,Human
854,RCNX5687.JPG,2019_Summer/101RECNX,/tank/data/nna/cameraTrap/prudhoe/15/2019_Summer/101RECNX/RCNX5687.JPG,Human
855,RCNX5906.JPG,2019_Summer/101RECNX,/tank/data/nna/cameraTrap/prudhoe/15/2019_Summer/101RECNX/RCNX5906.JPG,Human
856,RCNX5914.JPG,2019_Summer/101RECNX,/tank/data/nna/cameraTrap/prudhoe/15/2019_Summer/101RECNX/RCNX5914.JPG,Misc_Land_Animal
857,RCNX5915.JPG,2019_Summer/101RECNX,/tank/data/nna/cameraTrap/prudhoe/15/2019_Summer/101RECNX/RCNX5915.JPG,Misc_Land_Animal
858,RCNX5916.JPG,2019_Summer/101RECNX,/tank/data/nna/cameraTrap/prudhoe/15/2019_Summer/101RECNX/RCNX5916.JPG,Misc_Land_Animal
859,RCNX6108.JPG,2019_Summer/101RECNX,/tank/data/nna/cameraTrap/prudhoe/15/2019_Summer/101RECNX/RCNX6108.JPG,Misc_Land_Animal
860,RCNX6109.JPG,2019_Summer/101RECNX,/tank/data/nna/cameraTrap/prudhoe/15/2019_Summer/101RECNX/RCNX6109.JPG,Misc_Land_Animal
861,RCNX6110.JPG,2019_Summer/101RECNX,/tank/data/nna/cameraTrap/prudhoe/15/2019_Summer/101RECNX/RCNX6110.JPG,Misc_Land_Animal
862,RCNX6202.JPG,2019_Summer/101RECNX,/tank/data/nna/cameraTrap/prudhoe/15/2019_Summer/101RECNX/RCNX6202.JPG,Human
863,RCNX6458.JPG,2019_Summer/101RECNX,/tank/data/nna/cameraTrap/prudhoe/15/2019_Summer/101RECNX/RCNX6458.JPG,Human
864,RCNX6604.JPG,2019_Summer/101RECNX,/tank/data/nna/cameraTrap/prudhoe/15/2019_Summer/101RECNX/RCNX6604.JPG,Human
865,RCNX6608.JPG,2019_Summer/101RECNX,/tank/data/nna/cameraTrap/prudhoe/15/2019_Summer/101RECNX/RCNX6608.JPG,Misc_Land_Animal
866,RCNX6786.JPG,2019_Summer/101RECNX,/tank/data/nna/cameraTrap/prudhoe/15/2019_Summer/101RECNX/RCNX6786.JPG,Human
867,RCNX6792.JPG,2019_Summer/101RECNX,/tank/data/nna/cameraTrap/prudhoe/15/2019_Summer/101RECNX/RCNX6792.JPG,Human
868,RCNX6794.JPG,2019_Summer/101RECNX,/tank/data/nna/cameraTrap/prudhoe/15/2019_Summer/101RECNX/RCNX6794.JPG,Caribou
869,RCNX6845.JPG,2019_Summer/101RECNX,/tank/data/nna/cameraTrap/prudhoe/15/2019_Summer/101RECNX/RCNX6845.JPG,Misc_Land_Animal
870,RCNX6865.JPG,2019_Summer/101RECNX,/tank/data/nna/cameraTrap/prudhoe/15/2019_Summer/101RECNX/RCNX6865.JPG,Human
871,RCNX6970.JPG,2019_Summer/101RECNX,/tank/data/nna/cameraTrap/prudhoe/15/2019_Summer/101RECNX/RCNX6970.JPG,Other
872,RCNX6996.JPG,2019_Summer/101RECNX,/tank/data/nna/cameraTrap/prudhoe/15/2019_Summer/101RECNX/RCNX6996.JPG,Other
873,RCNX7033.JPG,2019_Summer/101RECNX,/tank/data/nna/cameraTrap/prudhoe/15/2019_Summer/101RECNX/RCNX7033.JPG,Misc_Land_Animal
874,RCNX7049.JPG,2019_Summer/101RECNX,/tank/data/nna/cameraTrap/prudhoe/15/2019_Summer/101RECNX/RCNX7049.JPG,Human
875,RCNX7054.JPG,2019_Summer/101RECNX,/tank/data/nna/cameraTrap/prudhoe/15/2019_Summer/101RECNX/RCNX7054.JPG,Human
876,RCNX7224.JPG,2019_Summer/101RECNX,/tank/data/nna/cameraTrap/prudhoe/15/2019_Summer/101RECNX/RCNX7224.JPG,Human
877,RCNX7234.JPG,2019_Summer/101RECNX,/tank/data/nna/cameraTrap/prudhoe/15/2019_Summer/101RECNX/RCNX7234.JPG,Human
878,RCNX7250.JPG,2019_Summer/101RECNX,/tank/data/nna/cameraTrap/prudhoe/15/2019_Summer/101RECNX/RCNX7250.JPG,Human
879,RCNX7255.JPG,2019_Summer/101RECNX,/tank/data/nna/cameraTrap/prudhoe/15/2019_Summer/101RECNX/RCNX7255.JPG,Human
880,RCNX7288.JPG,2019_Summer/101RECNX,/tank/data/nna/cameraTrap/prudhoe/15/2019_Summer/101RECNX/RCNX7288.JPG,Human
