,fileName,AbsFilePath
0,Summer_2019_101RECNX_RCNX0113.JPG,/tank/data/nna/cameraTrap/prudhoe/22/Summer_2019/101RECNX/RCNX0113.JPG
1,019_101RECNX_RCNX4603.JPG,/tank/data/nna/cameraTrap/prudhoe/22/2019/101RECNX/RCNX4603.JPG
2,019_100RECNX_RCNX5798.JPG,/tank/data/nna/cameraTrap/prudhoe/22/2019/100RECNX/RCNX5798.JPG
3,019_100RECNX_RCNX0560.JPG,/tank/data/nna/cameraTrap/prudhoe/22/2019/100RECNX/RCNX0560.JPG
4,019_101RECNX_RCNX4109.JPG,/tank/data/nna/cameraTrap/prudhoe/22/2019/101RECNX/RCNX4109.JPG
5,019_101RECNX_RCNX7697.JPG,/tank/data/nna/cameraTrap/prudhoe/22/2019/101RECNX/RCNX7697.JPG
6,019_100RECNX_RCNX0550.JPG,/tank/data/nna/cameraTrap/prudhoe/22/2019/100RECNX/RCNX0550.JPG
7,Summer_2019_101RECNX_RCNX3349.JPG,/tank/data/nna/cameraTrap/prudhoe/22/Summer_2019/101RECNX/RCNX3349.JPG
8,019_101RECNX_RCNX7544.JPG,/tank/data/nna/cameraTrap/prudhoe/22/2019/101RECNX/RCNX7544.JPG
9,019_101RECNX_RCNX4414.JPG,/tank/data/nna/cameraTrap/prudhoe/22/2019/101RECNX/RCNX4414.JPG
10,019_100RECNX_RCNX9244.JPG,/tank/data/nna/cameraTrap/prudhoe/22/2019/100RECNX/RCNX9244.JPG
11,019_100RECNX_RCNX8881.JPG,/tank/data/nna/cameraTrap/prudhoe/22/2019/100RECNX/RCNX8881.JPG
12,019_100RECNX_RCNX6753.JPG,/tank/data/nna/cameraTrap/prudhoe/22/2019/100RECNX/RCNX6753.JPG
13,019_100RECNX_RCNX4457.JPG,/tank/data/nna/cameraTrap/prudhoe/22/2019/100RECNX/RCNX4457.JPG
14,019_101RECNX_RCNX0659.JPG,/tank/data/nna/cameraTrap/prudhoe/22/2019/101RECNX/RCNX0659.JPG
15,Summer_2019_101RECNX_RCNX5592.JPG,/tank/data/nna/cameraTrap/prudhoe/22/Summer_2019/101RECNX/RCNX5592.JPG
16,Summer_2019_100RECNX_RCNX5080.JPG,/tank/data/nna/cameraTrap/prudhoe/22/Summer_2019/100RECNX/RCNX5080.JPG
17,019_100RECNX_RCNX8750.JPG,/tank/data/nna/cameraTrap/prudhoe/22/2019/100RECNX/RCNX8750.JPG
18,Summer_2019_100RECNX_RCNX5430.JPG,/tank/data/nna/cameraTrap/prudhoe/22/Summer_2019/100RECNX/RCNX5430.JPG
19,019_100RECNX_RCNX4359.JPG,/tank/data/nna/cameraTrap/prudhoe/22/2019/100RECNX/RCNX4359.JPG
20,Summer_2019_101RECNX_RCNX2297.JPG,/tank/data/nna/cameraTrap/prudhoe/22/Summer_2019/101RECNX/RCNX2297.JPG
21,019_100RECNX_RCNX2434.JPG,/tank/data/nna/cameraTrap/prudhoe/22/2019/100RECNX/RCNX2434.JPG
22,Summer_2019_100RECNX_RCNX1970.JPG,/tank/data/nna/cameraTrap/prudhoe/22/Summer_2019/100RECNX/RCNX1970.JPG
23,Summer_2019_101RECNX_RCNX6251.JPG,/tank/data/nna/cameraTrap/prudhoe/22/Summer_2019/101RECNX/RCNX6251.JPG
24,Summer_2019_101RECNX_RCNX3963.JPG,/tank/data/nna/cameraTrap/prudhoe/22/Summer_2019/101RECNX/RCNX3963.JPG
25,Summer_2019_100RECNX_RCNX7660.JPG,/tank/data/nna/cameraTrap/prudhoe/22/Summer_2019/100RECNX/RCNX7660.JPG
26,019_100RECNX_RCNX7411.JPG,/tank/data/nna/cameraTrap/prudhoe/22/2019/100RECNX/RCNX7411.JPG
27,019_101RECNX_RCNX3551.JPG,/tank/data/nna/cameraTrap/prudhoe/22/2019/101RECNX/RCNX3551.JPG
28,Summer_2019_101RECNX_RCNX0154.JPG,/tank/data/nna/cameraTrap/prudhoe/22/Summer_2019/101RECNX/RCNX0154.JPG
29,019_100RECNX_RCNX7666.JPG,/tank/data/nna/cameraTrap/prudhoe/22/2019/100RECNX/RCNX7666.JPG
30,019_100RECNX_RCNX0204.JPG,/tank/data/nna/cameraTrap/prudhoe/22/2019/100RECNX/RCNX0204.JPG
31,Summer_2019_100RECNX_RCNX8150.JPG,/tank/data/nna/cameraTrap/prudhoe/22/Summer_2019/100RECNX/RCNX8150.JPG
32,019_100RECNX_RCNX6378.JPG,/tank/data/nna/cameraTrap/prudhoe/22/2019/100RECNX/RCNX6378.JPG
33,Summer_2019_101RECNX_RCNX2109.JPG,/tank/data/nna/cameraTrap/prudhoe/22/Summer_2019/101RECNX/RCNX2109.JPG
34,Summer_2019_100RECNX_RCNX8923.JPG,/tank/data/nna/cameraTrap/prudhoe/22/Summer_2019/100RECNX/RCNX8923.JPG
35,Summer_2019_100RECNX_RCNX9036.JPG,/tank/data/nna/cameraTrap/prudhoe/22/Summer_2019/100RECNX/RCNX9036.JPG
36,Summer_2019_100RECNX_RCNX3305.JPG,/tank/data/nna/cameraTrap/prudhoe/22/Summer_2019/100RECNX/RCNX3305.JPG
37,019_101RECNX_RCNX2383.JPG,/tank/data/nna/cameraTrap/prudhoe/22/2019/101RECNX/RCNX2383.JPG
38,Summer_2019_101RECNX_RCNX5870.JPG,/tank/data/nna/cameraTrap/prudhoe/22/Summer_2019/101RECNX/RCNX5870.JPG
39,019_100RECNX_RCNX3953.JPG,/tank/data/nna/cameraTrap/prudhoe/22/2019/100RECNX/RCNX3953.JPG
40,019_100RECNX_RCNX0252.JPG,/tank/data/nna/cameraTrap/prudhoe/22/2019/100RECNX/RCNX0252.JPG
41,019_101RECNX_RCNX2906.JPG,/tank/data/nna/cameraTrap/prudhoe/22/2019/101RECNX/RCNX2906.JPG
42,019_101RECNX_RCNX5383.JPG,/tank/data/nna/cameraTrap/prudhoe/22/2019/101RECNX/RCNX5383.JPG
43,019_100RECNX_RCNX0113.JPG,/tank/data/nna/cameraTrap/prudhoe/22/2019/100RECNX/RCNX0113.JPG
44,Summer_2019_100RECNX_RCNX1561.JPG,/tank/data/nna/cameraTrap/prudhoe/22/Summer_2019/100RECNX/RCNX1561.JPG
45,Summer_2019_101RECNX_RCNX6763.JPG,/tank/data/nna/cameraTrap/prudhoe/22/Summer_2019/101RECNX/RCNX6763.JPG
46,Summer_2019_100RECNX_RCNX6393.JPG,/tank/data/nna/cameraTrap/prudhoe/22/Summer_2019/100RECNX/RCNX6393.JPG
47,019_101RECNX_RCNX3780.JPG,/tank/data/nna/cameraTrap/prudhoe/22/2019/101RECNX/RCNX3780.JPG
48,Summer_2019_100RECNX_RCNX4108.JPG,/tank/data/nna/cameraTrap/prudhoe/22/Summer_2019/100RECNX/RCNX4108.JPG
49,019_101RECNX_RCNX4468.JPG,/tank/data/nna/cameraTrap/prudhoe/22/2019/101RECNX/RCNX4468.JPG
50,019_100RECNX_RCNX5113.JPG,/tank/data/nna/cameraTrap/prudhoe/22/2019/100RECNX/RCNX5113.JPG
51,019_101RECNX_RCNX0481.JPG,/tank/data/nna/cameraTrap/prudhoe/22/2019/101RECNX/RCNX0481.JPG
52,019_101RECNX_RCNX1445.JPG,/tank/data/nna/cameraTrap/prudhoe/22/2019/101RECNX/RCNX1445.JPG
53,Summer_2019_100RECNX_RCNX9814.JPG,/tank/data/nna/cameraTrap/prudhoe/22/Summer_2019/100RECNX/RCNX9814.JPG
54,019_100RECNX_RCNX5558.JPG,/tank/data/nna/cameraTrap/prudhoe/22/2019/100RECNX/RCNX5558.JPG
55,019_101RECNX_RCNX4167.JPG,/tank/data/nna/cameraTrap/prudhoe/22/2019/101RECNX/RCNX4167.JPG
56,019_100RECNX_RCNX1776.JPG,/tank/data/nna/cameraTrap/prudhoe/22/2019/100RECNX/RCNX1776.JPG
57,Summer_2019_100RECNX_RCNX9180.JPG,/tank/data/nna/cameraTrap/prudhoe/22/Summer_2019/100RECNX/RCNX9180.JPG
58,Summer_2019_100RECNX_RCNX7144.JPG,/tank/data/nna/cameraTrap/prudhoe/22/Summer_2019/100RECNX/RCNX7144.JPG
59,019_101RECNX_RCNX1881.JPG,/tank/data/nna/cameraTrap/prudhoe/22/2019/101RECNX/RCNX1881.JPG
60,Summer_2019_101RECNX_RCNX6207.JPG,/tank/data/nna/cameraTrap/prudhoe/22/Summer_2019/101RECNX/RCNX6207.JPG
61,019_101RECNX_RCNX2544.JPG,/tank/data/nna/cameraTrap/prudhoe/22/2019/101RECNX/RCNX2544.JPG
62,019_101RECNX_RCNX0525.JPG,/tank/data/nna/cameraTrap/prudhoe/22/2019/101RECNX/RCNX0525.JPG
63,Summer_2019_100RECNX_RCNX5560.JPG,/tank/data/nna/cameraTrap/prudhoe/22/Summer_2019/100RECNX/RCNX5560.JPG
64,Summer_2019_101RECNX_RCNX6094.JPG,/tank/data/nna/cameraTrap/prudhoe/22/Summer_2019/101RECNX/RCNX6094.JPG
65,019_101RECNX_RCNX5776.JPG,/tank/data/nna/cameraTrap/prudhoe/22/2019/101RECNX/RCNX5776.JPG
66,Summer_2019_101RECNX_RCNX2848.JPG,/tank/data/nna/cameraTrap/prudhoe/22/Summer_2019/101RECNX/RCNX2848.JPG
67,019_100RECNX_RCNX9319.JPG,/tank/data/nna/cameraTrap/prudhoe/22/2019/100RECNX/RCNX9319.JPG
68,Summer_2019_100RECNX_RCNX8167.JPG,/tank/data/nna/cameraTrap/prudhoe/22/Summer_2019/100RECNX/RCNX8167.JPG
69,019_100RECNX_RCNX0642.JPG,/tank/data/nna/cameraTrap/prudhoe/22/2019/100RECNX/RCNX0642.JPG
70,019_101RECNX_RCNX3360.JPG,/tank/data/nna/cameraTrap/prudhoe/22/2019/101RECNX/RCNX3360.JPG
71,Summer_2019_100RECNX_RCNX9829.JPG,/tank/data/nna/cameraTrap/prudhoe/22/Summer_2019/100RECNX/RCNX9829.JPG
72,Summer_2019_100RECNX_RCNX1278.JPG,/tank/data/nna/cameraTrap/prudhoe/22/Summer_2019/100RECNX/RCNX1278.JPG
73,Summer_2019_100RECNX_RCNX7331.JPG,/tank/data/nna/cameraTrap/prudhoe/22/Summer_2019/100RECNX/RCNX7331.JPG
74,019_100RECNX_RCNX9793.JPG,/tank/data/nna/cameraTrap/prudhoe/22/2019/100RECNX/RCNX9793.JPG
75,019_101RECNX_RCNX5962.JPG,/tank/data/nna/cameraTrap/prudhoe/22/2019/101RECNX/RCNX5962.JPG
76,Summer_2019_101RECNX_RCNX2306.JPG,/tank/data/nna/cameraTrap/prudhoe/22/Summer_2019/101RECNX/RCNX2306.JPG
77,019_101RECNX_RCNX0194.JPG,/tank/data/nna/cameraTrap/prudhoe/22/2019/101RECNX/RCNX0194.JPG
78,Summer_2019_100RECNX_RCNX1789.JPG,/tank/data/nna/cameraTrap/prudhoe/22/Summer_2019/100RECNX/RCNX1789.JPG
79,019_101RECNX_RCNX7761.JPG,/tank/data/nna/cameraTrap/prudhoe/22/2019/101RECNX/RCNX7761.JPG
80,Summer_2019_100RECNX_RCNX5691.JPG,/tank/data/nna/cameraTrap/prudhoe/22/Summer_2019/100RECNX/RCNX5691.JPG
81,Summer_2019_101RECNX_RCNX7371.JPG,/tank/data/nna/cameraTrap/prudhoe/22/Summer_2019/101RECNX/RCNX7371.JPG
82,019_100RECNX_RCNX8047.JPG,/tank/data/nna/cameraTrap/prudhoe/22/2019/100RECNX/RCNX8047.JPG
83,Summer_2019_101RECNX_RCNX3187.JPG,/tank/data/nna/cameraTrap/prudhoe/22/Summer_2019/101RECNX/RCNX3187.JPG
84,019_100RECNX_RCNX9348.JPG,/tank/data/nna/cameraTrap/prudhoe/22/2019/100RECNX/RCNX9348.JPG
85,Summer_2019_100RECNX_RCNX9189.JPG,/tank/data/nna/cameraTrap/prudhoe/22/Summer_2019/100RECNX/RCNX9189.JPG
86,Summer_2019_100RECNX_RCNX8705.JPG,/tank/data/nna/cameraTrap/prudhoe/22/Summer_2019/100RECNX/RCNX8705.JPG
87,019_101RECNX_RCNX1699.JPG,/tank/data/nna/cameraTrap/prudhoe/22/2019/101RECNX/RCNX1699.JPG
88,019_100RECNX_RCNX8338.JPG,/tank/data/nna/cameraTrap/prudhoe/22/2019/100RECNX/RCNX8338.JPG
89,Summer_2019_100RECNX_RCNX1389.JPG,/tank/data/nna/cameraTrap/prudhoe/22/Summer_2019/100RECNX/RCNX1389.JPG
90,Summer_2019_100RECNX_RCNX7353.JPG,/tank/data/nna/cameraTrap/prudhoe/22/Summer_2019/100RECNX/RCNX7353.JPG
91,019_101RECNX_RCNX2901.JPG,/tank/data/nna/cameraTrap/prudhoe/22/2019/101RECNX/RCNX2901.JPG
92,Summer_2019_100RECNX_RCNX0356.JPG,/tank/data/nna/cameraTrap/prudhoe/22/Summer_2019/100RECNX/RCNX0356.JPG
93,Summer_2019_100RECNX_RCNX2003.JPG,/tank/data/nna/cameraTrap/prudhoe/22/Summer_2019/100RECNX/RCNX2003.JPG
94,Summer_2019_101RECNX_RCNX2570.JPG,/tank/data/nna/cameraTrap/prudhoe/22/Summer_2019/101RECNX/RCNX2570.JPG
95,Summer_2019_100RECNX_RCNX5653.JPG,/tank/data/nna/cameraTrap/prudhoe/22/Summer_2019/100RECNX/RCNX5653.JPG
96,019_100RECNX_RCNX0107.JPG,/tank/data/nna/cameraTrap/prudhoe/22/2019/100RECNX/RCNX0107.JPG
97,019_101RECNX_RCNX3235.JPG,/tank/data/nna/cameraTrap/prudhoe/22/2019/101RECNX/RCNX3235.JPG
98,019_101RECNX_RCNX1095.JPG,/tank/data/nna/cameraTrap/prudhoe/22/2019/101RECNX/RCNX1095.JPG
99,Summer_2019_100RECNX_RCNX4465.JPG,/tank/data/nna/cameraTrap/prudhoe/22/Summer_2019/100RECNX/RCNX4465.JPG
100,019_101RECNX_RCNX1787.JPG,/tank/data/nna/cameraTrap/prudhoe/22/2019/101RECNX/RCNX1787.JPG
101,019_101RECNX_RCNX4662.JPG,/tank/data/nna/cameraTrap/prudhoe/22/2019/101RECNX/RCNX4662.JPG
102,019_101RECNX_RCNX1193.JPG,/tank/data/nna/cameraTrap/prudhoe/22/2019/101RECNX/RCNX1193.JPG
103,Summer_2019_100RECNX_RCNX6495.JPG,/tank/data/nna/cameraTrap/prudhoe/22/Summer_2019/100RECNX/RCNX6495.JPG
104,019_101RECNX_RCNX4627.JPG,/tank/data/nna/cameraTrap/prudhoe/22/2019/101RECNX/RCNX4627.JPG
105,Summer_2019_100RECNX_RCNX2998.JPG,/tank/data/nna/cameraTrap/prudhoe/22/Summer_2019/100RECNX/RCNX2998.JPG
106,Summer_2019_100RECNX_RCNX4091.JPG,/tank/data/nna/cameraTrap/prudhoe/22/Summer_2019/100RECNX/RCNX4091.JPG
107,Summer_2019_100RECNX_RCNX9934.JPG,/tank/data/nna/cameraTrap/prudhoe/22/Summer_2019/100RECNX/RCNX9934.JPG
108,019_101RECNX_RCNX4761.JPG,/tank/data/nna/cameraTrap/prudhoe/22/2019/101RECNX/RCNX4761.JPG
109,Summer_2019_100RECNX_RCNX5914.JPG,/tank/data/nna/cameraTrap/prudhoe/22/Summer_2019/100RECNX/RCNX5914.JPG
110,Summer_2019_101RECNX_RCNX4427.JPG,/tank/data/nna/cameraTrap/prudhoe/22/Summer_2019/101RECNX/RCNX4427.JPG
111,019_100RECNX_RCNX5912.JPG,/tank/data/nna/cameraTrap/prudhoe/22/2019/100RECNX/RCNX5912.JPG
112,019_101RECNX_RCNX0239.JPG,/tank/data/nna/cameraTrap/prudhoe/22/2019/101RECNX/RCNX0239.JPG
113,Summer_2019_100RECNX_RCNX1619.JPG,/tank/data/nna/cameraTrap/prudhoe/22/Summer_2019/100RECNX/RCNX1619.JPG
114,019_100RECNX_RCNX7437.JPG,/tank/data/nna/cameraTrap/prudhoe/22/2019/100RECNX/RCNX7437.JPG
115,Summer_2019_100RECNX_RCNX4836.JPG,/tank/data/nna/cameraTrap/prudhoe/22/Summer_2019/100RECNX/RCNX4836.JPG
116,019_100RECNX_RCNX0236.JPG,/tank/data/nna/cameraTrap/prudhoe/22/2019/100RECNX/RCNX0236.JPG
117,Summer_2019_101RECNX_RCNX6908.JPG,/tank/data/nna/cameraTrap/prudhoe/22/Summer_2019/101RECNX/RCNX6908.JPG
118,Summer_2019_100RECNX_RCNX6034.JPG,/tank/data/nna/cameraTrap/prudhoe/22/Summer_2019/100RECNX/RCNX6034.JPG
119,Summer_2019_100RECNX_RCNX1462.JPG,/tank/data/nna/cameraTrap/prudhoe/22/Summer_2019/100RECNX/RCNX1462.JPG
120,Summer_2019_101RECNX_RCNX5013.JPG,/tank/data/nna/cameraTrap/prudhoe/22/Summer_2019/101RECNX/RCNX5013.JPG
121,Summer_2019_101RECNX_RCNX5467.JPG,/tank/data/nna/cameraTrap/prudhoe/22/Summer_2019/101RECNX/RCNX5467.JPG
122,Summer_2019_101RECNX_RCNX5111.JPG,/tank/data/nna/cameraTrap/prudhoe/22/Summer_2019/101RECNX/RCNX5111.JPG
123,019_100RECNX_RCNX0897.JPG,/tank/data/nna/cameraTrap/prudhoe/22/2019/100RECNX/RCNX0897.JPG
124,019_100RECNX_RCNX7440.JPG,/tank/data/nna/cameraTrap/prudhoe/22/2019/100RECNX/RCNX7440.JPG
125,019_100RECNX_RCNX2329.JPG,/tank/data/nna/cameraTrap/prudhoe/22/2019/100RECNX/RCNX2329.JPG
126,Summer_2019_100RECNX_RCNX8198.JPG,/tank/data/nna/cameraTrap/prudhoe/22/Summer_2019/100RECNX/RCNX8198.JPG
127,Summer_2019_101RECNX_RCNX1899.JPG,/tank/data/nna/cameraTrap/prudhoe/22/Summer_2019/101RECNX/RCNX1899.JPG
128,019_100RECNX_RCNX7004.JPG,/tank/data/nna/cameraTrap/prudhoe/22/2019/100RECNX/RCNX7004.JPG
129,Summer_2019_100RECNX_RCNX5539.JPG,/tank/data/nna/cameraTrap/prudhoe/22/Summer_2019/100RECNX/RCNX5539.JPG
130,019_101RECNX_RCNX6583.JPG,/tank/data/nna/cameraTrap/prudhoe/22/2019/101RECNX/RCNX6583.JPG
131,Summer_2019_101RECNX_RCNX3480.JPG,/tank/data/nna/cameraTrap/prudhoe/22/Summer_2019/101RECNX/RCNX3480.JPG
132,019_100RECNX_RCNX4826.JPG,/tank/data/nna/cameraTrap/prudhoe/22/2019/100RECNX/RCNX4826.JPG
133,019_100RECNX_RCNX8136.JPG,/tank/data/nna/cameraTrap/prudhoe/22/2019/100RECNX/RCNX8136.JPG
134,Summer_2019_100RECNX_RCNX4022.JPG,/tank/data/nna/cameraTrap/prudhoe/22/Summer_2019/100RECNX/RCNX4022.JPG
135,Summer_2019_100RECNX_RCNX0897.JPG,/tank/data/nna/cameraTrap/prudhoe/22/Summer_2019/100RECNX/RCNX0897.JPG
136,019_100RECNX_RCNX3912.JPG,/tank/data/nna/cameraTrap/prudhoe/22/2019/100RECNX/RCNX3912.JPG
137,019_100RECNX_RCNX5267.JPG,/tank/data/nna/cameraTrap/prudhoe/22/2019/100RECNX/RCNX5267.JPG
138,Summer_2019_101RECNX_RCNX1492.JPG,/tank/data/nna/cameraTrap/prudhoe/22/Summer_2019/101RECNX/RCNX1492.JPG
139,019_100RECNX_RCNX4710.JPG,/tank/data/nna/cameraTrap/prudhoe/22/2019/100RECNX/RCNX4710.JPG
140,Summer_2019_100RECNX_RCNX2633.JPG,/tank/data/nna/cameraTrap/prudhoe/22/Summer_2019/100RECNX/RCNX2633.JPG
141,019_101RECNX_RCNX5509.JPG,/tank/data/nna/cameraTrap/prudhoe/22/2019/101RECNX/RCNX5509.JPG
142,019_100RECNX_RCNX5168.JPG,/tank/data/nna/cameraTrap/prudhoe/22/2019/100RECNX/RCNX5168.JPG
143,019_100RECNX_RCNX1965.JPG,/tank/data/nna/cameraTrap/prudhoe/22/2019/100RECNX/RCNX1965.JPG
144,Summer_2019_101RECNX_RCNX5835.JPG,/tank/data/nna/cameraTrap/prudhoe/22/Summer_2019/101RECNX/RCNX5835.JPG
145,019_100RECNX_RCNX3516.JPG,/tank/data/nna/cameraTrap/prudhoe/22/2019/100RECNX/RCNX3516.JPG
146,Summer_2019_101RECNX_RCNX4974.JPG,/tank/data/nna/cameraTrap/prudhoe/22/Summer_2019/101RECNX/RCNX4974.JPG
147,Summer_2019_101RECNX_RCNX3744.JPG,/tank/data/nna/cameraTrap/prudhoe/22/Summer_2019/101RECNX/RCNX3744.JPG
148,Summer_2019_100RECNX_RCNX1842.JPG,/tank/data/nna/cameraTrap/prudhoe/22/Summer_2019/100RECNX/RCNX1842.JPG
149,019_101RECNX_RCNX1831.JPG,/tank/data/nna/cameraTrap/prudhoe/22/2019/101RECNX/RCNX1831.JPG
150,Summer_2019_101RECNX_RCNX3836.JPG,/tank/data/nna/cameraTrap/prudhoe/22/Summer_2019/101RECNX/RCNX3836.JPG
151,Summer_2019_100RECNX_RCNX7332.JPG,/tank/data/nna/cameraTrap/prudhoe/22/Summer_2019/100RECNX/RCNX7332.JPG
152,019_101RECNX_RCNX0785.JPG,/tank/data/nna/cameraTrap/prudhoe/22/2019/101RECNX/RCNX0785.JPG
153,019_101RECNX_RCNX6125.JPG,/tank/data/nna/cameraTrap/prudhoe/22/2019/101RECNX/RCNX6125.JPG
154,019_101RECNX_RCNX1148.JPG,/tank/data/nna/cameraTrap/prudhoe/22/2019/101RECNX/RCNX1148.JPG
155,Summer_2019_100RECNX_RCNX2084.JPG,/tank/data/nna/cameraTrap/prudhoe/22/Summer_2019/100RECNX/RCNX2084.JPG
156,019_101RECNX_RCNX7467.JPG,/tank/data/nna/cameraTrap/prudhoe/22/2019/101RECNX/RCNX7467.JPG
157,Summer_2019_100RECNX_RCNX5453.JPG,/tank/data/nna/cameraTrap/prudhoe/22/Summer_2019/100RECNX/RCNX5453.JPG
158,Summer_2019_101RECNX_RCNX6886.JPG,/tank/data/nna/cameraTrap/prudhoe/22/Summer_2019/101RECNX/RCNX6886.JPG
159,019_101RECNX_RCNX4837.JPG,/tank/data/nna/cameraTrap/prudhoe/22/2019/101RECNX/RCNX4837.JPG
160,019_101RECNX_RCNX7615.JPG,/tank/data/nna/cameraTrap/prudhoe/22/2019/101RECNX/RCNX7615.JPG
161,019_101RECNX_RCNX2956.JPG,/tank/data/nna/cameraTrap/prudhoe/22/2019/101RECNX/RCNX2956.JPG
162,Summer_2019_100RECNX_RCNX5082.JPG,/tank/data/nna/cameraTrap/prudhoe/22/Summer_2019/100RECNX/RCNX5082.JPG
163,019_100RECNX_RCNX9953.JPG,/tank/data/nna/cameraTrap/prudhoe/22/2019/100RECNX/RCNX9953.JPG
164,019_101RECNX_RCNX3509.JPG,/tank/data/nna/cameraTrap/prudhoe/22/2019/101RECNX/RCNX3509.JPG
165,Summer_2019_100RECNX_RCNX0225.JPG,/tank/data/nna/cameraTrap/prudhoe/22/Summer_2019/100RECNX/RCNX0225.JPG
166,019_101RECNX_RCNX2035.JPG,/tank/data/nna/cameraTrap/prudhoe/22/2019/101RECNX/RCNX2035.JPG
167,019_100RECNX_RCNX6411.JPG,/tank/data/nna/cameraTrap/prudhoe/22/2019/100RECNX/RCNX6411.JPG
168,019_100RECNX_RCNX3326.JPG,/tank/data/nna/cameraTrap/prudhoe/22/2019/100RECNX/RCNX3326.JPG
169,019_101RECNX_RCNX3320.JPG,/tank/data/nna/cameraTrap/prudhoe/22/2019/101RECNX/RCNX3320.JPG
170,Summer_2019_100RECNX_RCNX8472.JPG,/tank/data/nna/cameraTrap/prudhoe/22/Summer_2019/100RECNX/RCNX8472.JPG
171,019_101RECNX_RCNX3851.JPG,/tank/data/nna/cameraTrap/prudhoe/22/2019/101RECNX/RCNX3851.JPG
172,019_100RECNX_RCNX8326.JPG,/tank/data/nna/cameraTrap/prudhoe/22/2019/100RECNX/RCNX8326.JPG
173,019_100RECNX_RCNX3269.JPG,/tank/data/nna/cameraTrap/prudhoe/22/2019/100RECNX/RCNX3269.JPG
174,019_100RECNX_RCNX8454.JPG,/tank/data/nna/cameraTrap/prudhoe/22/2019/100RECNX/RCNX8454.JPG
175,019_101RECNX_RCNX2306.JPG,/tank/data/nna/cameraTrap/prudhoe/22/2019/101RECNX/RCNX2306.JPG
176,019_100RECNX_RCNX8615.JPG,/tank/data/nna/cameraTrap/prudhoe/22/2019/100RECNX/RCNX8615.JPG
177,Summer_2019_101RECNX_RCNX2702.JPG,/tank/data/nna/cameraTrap/prudhoe/22/Summer_2019/101RECNX/RCNX2702.JPG
178,019_100RECNX_RCNX5759.JPG,/tank/data/nna/cameraTrap/prudhoe/22/2019/100RECNX/RCNX5759.JPG
179,Summer_2019_101RECNX_RCNX6012.JPG,/tank/data/nna/cameraTrap/prudhoe/22/Summer_2019/101RECNX/RCNX6012.JPG
180,019_100RECNX_RCNX5662.JPG,/tank/data/nna/cameraTrap/prudhoe/22/2019/100RECNX/RCNX5662.JPG
181,019_101RECNX_RCNX6737.JPG,/tank/data/nna/cameraTrap/prudhoe/22/2019/101RECNX/RCNX6737.JPG
182,Summer_2019_101RECNX_RCNX2355.JPG,/tank/data/nna/cameraTrap/prudhoe/22/Summer_2019/101RECNX/RCNX2355.JPG
183,Summer_2019_101RECNX_RCNX2844.JPG,/tank/data/nna/cameraTrap/prudhoe/22/Summer_2019/101RECNX/RCNX2844.JPG
184,Summer_2019_100RECNX_RCNX1930.JPG,/tank/data/nna/cameraTrap/prudhoe/22/Summer_2019/100RECNX/RCNX1930.JPG
185,Summer_2019_101RECNX_RCNX1033.JPG,/tank/data/nna/cameraTrap/prudhoe/22/Summer_2019/101RECNX/RCNX1033.JPG
186,019_100RECNX_RCNX5329.JPG,/tank/data/nna/cameraTrap/prudhoe/22/2019/100RECNX/RCNX5329.JPG
187,Summer_2019_100RECNX_RCNX9010.JPG,/tank/data/nna/cameraTrap/prudhoe/22/Summer_2019/100RECNX/RCNX9010.JPG
188,019_100RECNX_RCNX3997.JPG,/tank/data/nna/cameraTrap/prudhoe/22/2019/100RECNX/RCNX3997.JPG
189,Summer_2019_101RECNX_RCNX7089.JPG,/tank/data/nna/cameraTrap/prudhoe/22/Summer_2019/101RECNX/RCNX7089.JPG
190,019_100RECNX_RCNX7014.JPG,/tank/data/nna/cameraTrap/prudhoe/22/2019/100RECNX/RCNX7014.JPG
191,019_100RECNX_RCNX6672.JPG,/tank/data/nna/cameraTrap/prudhoe/22/2019/100RECNX/RCNX6672.JPG
192,Summer_2019_100RECNX_RCNX7896.JPG,/tank/data/nna/cameraTrap/prudhoe/22/Summer_2019/100RECNX/RCNX7896.JPG
193,Summer_2019_100RECNX_RCNX4018.JPG,/tank/data/nna/cameraTrap/prudhoe/22/Summer_2019/100RECNX/RCNX4018.JPG
194,Summer_2019_100RECNX_RCNX6884.JPG,/tank/data/nna/cameraTrap/prudhoe/22/Summer_2019/100RECNX/RCNX6884.JPG
195,019_100RECNX_RCNX1567.JPG,/tank/data/nna/cameraTrap/prudhoe/22/2019/100RECNX/RCNX1567.JPG
196,019_100RECNX_RCNX9853.JPG,/tank/data/nna/cameraTrap/prudhoe/22/2019/100RECNX/RCNX9853.JPG
197,019_101RECNX_RCNX2676.JPG,/tank/data/nna/cameraTrap/prudhoe/22/2019/101RECNX/RCNX2676.JPG
198,019_101RECNX_RCNX2324.JPG,/tank/data/nna/cameraTrap/prudhoe/22/2019/101RECNX/RCNX2324.JPG
199,019_101RECNX_RCNX7860.JPG,/tank/data/nna/cameraTrap/prudhoe/22/2019/101RECNX/RCNX7860.JPG
200,Summer_2019_100RECNX_RCNX2445.JPG,/tank/data/nna/cameraTrap/prudhoe/22/Summer_2019/100RECNX/RCNX2445.JPG
201,Summer_2019_100RECNX_RCNX8038.JPG,/tank/data/nna/cameraTrap/prudhoe/22/Summer_2019/100RECNX/RCNX8038.JPG
202,019_101RECNX_RCNX5421.JPG,/tank/data/nna/cameraTrap/prudhoe/22/2019/101RECNX/RCNX5421.JPG
203,019_101RECNX_RCNX0338.JPG,/tank/data/nna/cameraTrap/prudhoe/22/2019/101RECNX/RCNX0338.JPG
204,019_101RECNX_RCNX7710.JPG,/tank/data/nna/cameraTrap/prudhoe/22/2019/101RECNX/RCNX7710.JPG
205,019_100RECNX_RCNX4831.JPG,/tank/data/nna/cameraTrap/prudhoe/22/2019/100RECNX/RCNX4831.JPG
206,019_100RECNX_RCNX3400.JPG,/tank/data/nna/cameraTrap/prudhoe/22/2019/100RECNX/RCNX3400.JPG
207,019_100RECNX_RCNX5523.JPG,/tank/data/nna/cameraTrap/prudhoe/22/2019/100RECNX/RCNX5523.JPG
208,019_100RECNX_RCNX9761.JPG,/tank/data/nna/cameraTrap/prudhoe/22/2019/100RECNX/RCNX9761.JPG
209,Summer_2019_101RECNX_RCNX1209.JPG,/tank/data/nna/cameraTrap/prudhoe/22/Summer_2019/101RECNX/RCNX1209.JPG
210,Summer_2019_100RECNX_RCNX7218.JPG,/tank/data/nna/cameraTrap/prudhoe/22/Summer_2019/100RECNX/RCNX7218.JPG
211,019_101RECNX_RCNX4562.JPG,/tank/data/nna/cameraTrap/prudhoe/22/2019/101RECNX/RCNX4562.JPG
212,Summer_2019_100RECNX_RCNX0651.JPG,/tank/data/nna/cameraTrap/prudhoe/22/Summer_2019/100RECNX/RCNX0651.JPG
213,019_100RECNX_RCNX4194.JPG,/tank/data/nna/cameraTrap/prudhoe/22/2019/100RECNX/RCNX4194.JPG
214,Summer_2019_100RECNX_RCNX6022.JPG,/tank/data/nna/cameraTrap/prudhoe/22/Summer_2019/100RECNX/RCNX6022.JPG
215,Summer_2019_101RECNX_RCNX1413.JPG,/tank/data/nna/cameraTrap/prudhoe/22/Summer_2019/101RECNX/RCNX1413.JPG
216,019_101RECNX_RCNX1220.JPG,/tank/data/nna/cameraTrap/prudhoe/22/2019/101RECNX/RCNX1220.JPG
217,019_100RECNX_RCNX0161.JPG,/tank/data/nna/cameraTrap/prudhoe/22/2019/100RECNX/RCNX0161.JPG
218,019_100RECNX_RCNX1924.JPG,/tank/data/nna/cameraTrap/prudhoe/22/2019/100RECNX/RCNX1924.JPG
219,019_100RECNX_RCNX6307.JPG,/tank/data/nna/cameraTrap/prudhoe/22/2019/100RECNX/RCNX6307.JPG
220,019_101RECNX_RCNX0465.JPG,/tank/data/nna/cameraTrap/prudhoe/22/2019/101RECNX/RCNX0465.JPG
221,019_100RECNX_RCNX4667.JPG,/tank/data/nna/cameraTrap/prudhoe/22/2019/100RECNX/RCNX4667.JPG
222,019_100RECNX_RCNX7994.JPG,/tank/data/nna/cameraTrap/prudhoe/22/2019/100RECNX/RCNX7994.JPG
223,Summer_2019_100RECNX_RCNX4238.JPG,/tank/data/nna/cameraTrap/prudhoe/22/Summer_2019/100RECNX/RCNX4238.JPG
224,019_100RECNX_RCNX7756.JPG,/tank/data/nna/cameraTrap/prudhoe/22/2019/100RECNX/RCNX7756.JPG
225,Summer_2019_100RECNX_RCNX3674.JPG,/tank/data/nna/cameraTrap/prudhoe/22/Summer_2019/100RECNX/RCNX3674.JPG
226,Summer_2019_100RECNX_RCNX3172.JPG,/tank/data/nna/cameraTrap/prudhoe/22/Summer_2019/100RECNX/RCNX3172.JPG
227,Summer_2019_100RECNX_RCNX7221.JPG,/tank/data/nna/cameraTrap/prudhoe/22/Summer_2019/100RECNX/RCNX7221.JPG
228,019_100RECNX_RCNX4618.JPG,/tank/data/nna/cameraTrap/prudhoe/22/2019/100RECNX/RCNX4618.JPG
229,Summer_2019_100RECNX_RCNX2821.JPG,/tank/data/nna/cameraTrap/prudhoe/22/Summer_2019/100RECNX/RCNX2821.JPG
230,Summer_2019_101RECNX_RCNX4805.JPG,/tank/data/nna/cameraTrap/prudhoe/22/Summer_2019/101RECNX/RCNX4805.JPG
231,019_101RECNX_RCNX2286.JPG,/tank/data/nna/cameraTrap/prudhoe/22/2019/101RECNX/RCNX2286.JPG
232,Summer_2019_100RECNX_RCNX7864.JPG,/tank/data/nna/cameraTrap/prudhoe/22/Summer_2019/100RECNX/RCNX7864.JPG
233,Summer_2019_100RECNX_RCNX6500.JPG,/tank/data/nna/cameraTrap/prudhoe/22/Summer_2019/100RECNX/RCNX6500.JPG
234,Summer_2019_100RECNX_RCNX4983.JPG,/tank/data/nna/cameraTrap/prudhoe/22/Summer_2019/100RECNX/RCNX4983.JPG
235,Summer_2019_101RECNX_RCNX2162.JPG,/tank/data/nna/cameraTrap/prudhoe/22/Summer_2019/101RECNX/RCNX2162.JPG
236,Summer_2019_100RECNX_RCNX4742.JPG,/tank/data/nna/cameraTrap/prudhoe/22/Summer_2019/100RECNX/RCNX4742.JPG
237,Summer_2019_101RECNX_RCNX6962.JPG,/tank/data/nna/cameraTrap/prudhoe/22/Summer_2019/101RECNX/RCNX6962.JPG
238,Summer_2019_100RECNX_RCNX4702.JPG,/tank/data/nna/cameraTrap/prudhoe/22/Summer_2019/100RECNX/RCNX4702.JPG
239,Summer_2019_101RECNX_RCNX0088.JPG,/tank/data/nna/cameraTrap/prudhoe/22/Summer_2019/101RECNX/RCNX0088.JPG
240,019_100RECNX_RCNX7700.JPG,/tank/data/nna/cameraTrap/prudhoe/22/2019/100RECNX/RCNX7700.JPG
241,019_100RECNX_RCNX2621.JPG,/tank/data/nna/cameraTrap/prudhoe/22/2019/100RECNX/RCNX2621.JPG
242,019_100RECNX_RCNX2067.JPG,/tank/data/nna/cameraTrap/prudhoe/22/2019/100RECNX/RCNX2067.JPG
243,Summer_2019_100RECNX_RCNX3764.JPG,/tank/data/nna/cameraTrap/prudhoe/22/Summer_2019/100RECNX/RCNX3764.JPG
244,019_100RECNX_RCNX0995.JPG,/tank/data/nna/cameraTrap/prudhoe/22/2019/100RECNX/RCNX0995.JPG
245,019_101RECNX_RCNX1723.JPG,/tank/data/nna/cameraTrap/prudhoe/22/2019/101RECNX/RCNX1723.JPG
246,Summer_2019_100RECNX_RCNX9660.JPG,/tank/data/nna/cameraTrap/prudhoe/22/Summer_2019/100RECNX/RCNX9660.JPG
247,019_101RECNX_RCNX0798.JPG,/tank/data/nna/cameraTrap/prudhoe/22/2019/101RECNX/RCNX0798.JPG
248,Summer_2019_100RECNX_RCNX4346.JPG,/tank/data/nna/cameraTrap/prudhoe/22/Summer_2019/100RECNX/RCNX4346.JPG
249,Summer_2019_100RECNX_RCNX3725.JPG,/tank/data/nna/cameraTrap/prudhoe/22/Summer_2019/100RECNX/RCNX3725.JPG
250,019_100RECNX_RCNX8273.JPG,/tank/data/nna/cameraTrap/prudhoe/22/2019/100RECNX/RCNX8273.JPG
251,019_101RECNX_RCNX1224.JPG,/tank/data/nna/cameraTrap/prudhoe/22/2019/101RECNX/RCNX1224.JPG
252,019_101RECNX_RCNX7180.JPG,/tank/data/nna/cameraTrap/prudhoe/22/2019/101RECNX/RCNX7180.JPG
253,Summer_2019_101RECNX_RCNX4517.JPG,/tank/data/nna/cameraTrap/prudhoe/22/Summer_2019/101RECNX/RCNX4517.JPG
254,019_100RECNX_RCNX1107.JPG,/tank/data/nna/cameraTrap/prudhoe/22/2019/100RECNX/RCNX1107.JPG
255,Summer_2019_100RECNX_RCNX8181.JPG,/tank/data/nna/cameraTrap/prudhoe/22/Summer_2019/100RECNX/RCNX8181.JPG
256,Summer_2019_101RECNX_RCNX6577.JPG,/tank/data/nna/cameraTrap/prudhoe/22/Summer_2019/101RECNX/RCNX6577.JPG
257,Summer_2019_100RECNX_RCNX3044.JPG,/tank/data/nna/cameraTrap/prudhoe/22/Summer_2019/100RECNX/RCNX3044.JPG
258,Summer_2019_100RECNX_RCNX1109.JPG,/tank/data/nna/cameraTrap/prudhoe/22/Summer_2019/100RECNX/RCNX1109.JPG
259,019_101RECNX_RCNX2576.JPG,/tank/data/nna/cameraTrap/prudhoe/22/2019/101RECNX/RCNX2576.JPG
260,019_100RECNX_RCNX0055.JPG,/tank/data/nna/cameraTrap/prudhoe/22/2019/100RECNX/RCNX0055.JPG
261,Summer_2019_100RECNX_RCNX6175.JPG,/tank/data/nna/cameraTrap/prudhoe/22/Summer_2019/100RECNX/RCNX6175.JPG
262,Summer_2019_100RECNX_RCNX2344.JPG,/tank/data/nna/cameraTrap/prudhoe/22/Summer_2019/100RECNX/RCNX2344.JPG
263,Summer_2019_100RECNX_RCNX6672.JPG,/tank/data/nna/cameraTrap/prudhoe/22/Summer_2019/100RECNX/RCNX6672.JPG
264,Summer_2019_100RECNX_RCNX2089.JPG,/tank/data/nna/cameraTrap/prudhoe/22/Summer_2019/100RECNX/RCNX2089.JPG
265,Summer_2019_100RECNX_RCNX6776.JPG,/tank/data/nna/cameraTrap/prudhoe/22/Summer_2019/100RECNX/RCNX6776.JPG
266,Summer_2019_101RECNX_RCNX2305.JPG,/tank/data/nna/cameraTrap/prudhoe/22/Summer_2019/101RECNX/RCNX2305.JPG
267,019_100RECNX_RCNX7858.JPG,/tank/data/nna/cameraTrap/prudhoe/22/2019/100RECNX/RCNX7858.JPG
268,019_101RECNX_RCNX0157.JPG,/tank/data/nna/cameraTrap/prudhoe/22/2019/101RECNX/RCNX0157.JPG
269,Summer_2019_100RECNX_RCNX0087.JPG,/tank/data/nna/cameraTrap/prudhoe/22/Summer_2019/100RECNX/RCNX0087.JPG
270,Summer_2019_100RECNX_RCNX2373.JPG,/tank/data/nna/cameraTrap/prudhoe/22/Summer_2019/100RECNX/RCNX2373.JPG
271,019_100RECNX_RCNX9576.JPG,/tank/data/nna/cameraTrap/prudhoe/22/2019/100RECNX/RCNX9576.JPG
272,Summer_2019_100RECNX_RCNX7811.JPG,/tank/data/nna/cameraTrap/prudhoe/22/Summer_2019/100RECNX/RCNX7811.JPG
273,019_100RECNX_RCNX4164.JPG,/tank/data/nna/cameraTrap/prudhoe/22/2019/100RECNX/RCNX4164.JPG
274,Summer_2019_100RECNX_RCNX3988.JPG,/tank/data/nna/cameraTrap/prudhoe/22/Summer_2019/100RECNX/RCNX3988.JPG
275,Summer_2019_100RECNX_RCNX2251.JPG,/tank/data/nna/cameraTrap/prudhoe/22/Summer_2019/100RECNX/RCNX2251.JPG
276,Summer_2019_100RECNX_RCNX4681.JPG,/tank/data/nna/cameraTrap/prudhoe/22/Summer_2019/100RECNX/RCNX4681.JPG
277,Summer_2019_100RECNX_RCNX5032.JPG,/tank/data/nna/cameraTrap/prudhoe/22/Summer_2019/100RECNX/RCNX5032.JPG
278,019_101RECNX_RCNX3474.JPG,/tank/data/nna/cameraTrap/prudhoe/22/2019/101RECNX/RCNX3474.JPG
279,Summer_2019_101RECNX_RCNX1287.JPG,/tank/data/nna/cameraTrap/prudhoe/22/Summer_2019/101RECNX/RCNX1287.JPG
280,Summer_2019_101RECNX_RCNX2169.JPG,/tank/data/nna/cameraTrap/prudhoe/22/Summer_2019/101RECNX/RCNX2169.JPG
281,019_101RECNX_RCNX0892.JPG,/tank/data/nna/cameraTrap/prudhoe/22/2019/101RECNX/RCNX0892.JPG
282,019_101RECNX_RCNX4861.JPG,/tank/data/nna/cameraTrap/prudhoe/22/2019/101RECNX/RCNX4861.JPG
283,Summer_2019_100RECNX_RCNX5691.JPG,/tank/data/nna/cameraTrap/prudhoe/22/Summer_2019/100RECNX/RCNX5691.JPG
284,Summer_2019_100RECNX_RCNX2148.JPG,/tank/data/nna/cameraTrap/prudhoe/22/Summer_2019/100RECNX/RCNX2148.JPG
285,Summer_2019_100RECNX_RCNX6542.JPG,/tank/data/nna/cameraTrap/prudhoe/22/Summer_2019/100RECNX/RCNX6542.JPG
286,Summer_2019_101RECNX_RCNX0037.JPG,/tank/data/nna/cameraTrap/prudhoe/22/Summer_2019/101RECNX/RCNX0037.JPG
287,019_101RECNX_RCNX3501.JPG,/tank/data/nna/cameraTrap/prudhoe/22/2019/101RECNX/RCNX3501.JPG
288,019_100RECNX_RCNX6511.JPG,/tank/data/nna/cameraTrap/prudhoe/22/2019/100RECNX/RCNX6511.JPG
289,Summer_2019_100RECNX_RCNX1286.JPG,/tank/data/nna/cameraTrap/prudhoe/22/Summer_2019/100RECNX/RCNX1286.JPG
290,019_101RECNX_RCNX3737.JPG,/tank/data/nna/cameraTrap/prudhoe/22/2019/101RECNX/RCNX3737.JPG
291,019_100RECNX_RCNX1738.JPG,/tank/data/nna/cameraTrap/prudhoe/22/2019/100RECNX/RCNX1738.JPG
292,Summer_2019_100RECNX_RCNX5382.JPG,/tank/data/nna/cameraTrap/prudhoe/22/Summer_2019/100RECNX/RCNX5382.JPG
293,Summer_2019_101RECNX_RCNX4682.JPG,/tank/data/nna/cameraTrap/prudhoe/22/Summer_2019/101RECNX/RCNX4682.JPG
294,019_101RECNX_RCNX0515.JPG,/tank/data/nna/cameraTrap/prudhoe/22/2019/101RECNX/RCNX0515.JPG
295,Summer_2019_100RECNX_RCNX7018.JPG,/tank/data/nna/cameraTrap/prudhoe/22/Summer_2019/100RECNX/RCNX7018.JPG
296,019_101RECNX_RCNX1272.JPG,/tank/data/nna/cameraTrap/prudhoe/22/2019/101RECNX/RCNX1272.JPG
297,019_101RECNX_RCNX6882.JPG,/tank/data/nna/cameraTrap/prudhoe/22/2019/101RECNX/RCNX6882.JPG
298,Summer_2019_100RECNX_RCNX1453.JPG,/tank/data/nna/cameraTrap/prudhoe/22/Summer_2019/100RECNX/RCNX1453.JPG
299,019_101RECNX_RCNX4740.JPG,/tank/data/nna/cameraTrap/prudhoe/22/2019/101RECNX/RCNX4740.JPG
300,019_101RECNX_RCNX2899.JPG,/tank/data/nna/cameraTrap/prudhoe/22/2019/101RECNX/RCNX2899.JPG
301,019_100RECNX_RCNX2778.JPG,/tank/data/nna/cameraTrap/prudhoe/22/2019/100RECNX/RCNX2778.JPG
302,019_100RECNX_RCNX9020.JPG,/tank/data/nna/cameraTrap/prudhoe/22/2019/100RECNX/RCNX9020.JPG
303,Summer_2019_101RECNX_RCNX5445.JPG,/tank/data/nna/cameraTrap/prudhoe/22/Summer_2019/101RECNX/RCNX5445.JPG
304,019_100RECNX_RCNX8403.JPG,/tank/data/nna/cameraTrap/prudhoe/22/2019/100RECNX/RCNX8403.JPG
305,Summer_2019_100RECNX_RCNX7385.JPG,/tank/data/nna/cameraTrap/prudhoe/22/Summer_2019/100RECNX/RCNX7385.JPG
306,019_100RECNX_RCNX0831.JPG,/tank/data/nna/cameraTrap/prudhoe/22/2019/100RECNX/RCNX0831.JPG
307,Summer_2019_100RECNX_RCNX5190.JPG,/tank/data/nna/cameraTrap/prudhoe/22/Summer_2019/100RECNX/RCNX5190.JPG
308,019_100RECNX_RCNX9114.JPG,/tank/data/nna/cameraTrap/prudhoe/22/2019/100RECNX/RCNX9114.JPG
309,019_101RECNX_RCNX4240.JPG,/tank/data/nna/cameraTrap/prudhoe/22/2019/101RECNX/RCNX4240.JPG
310,019_100RECNX_RCNX1583.JPG,/tank/data/nna/cameraTrap/prudhoe/22/2019/100RECNX/RCNX1583.JPG
311,Summer_2019_101RECNX_RCNX0036.JPG,/tank/data/nna/cameraTrap/prudhoe/22/Summer_2019/101RECNX/RCNX0036.JPG
312,Summer_2019_100RECNX_RCNX6467.JPG,/tank/data/nna/cameraTrap/prudhoe/22/Summer_2019/100RECNX/RCNX6467.JPG
313,Summer_2019_100RECNX_RCNX3108.JPG,/tank/data/nna/cameraTrap/prudhoe/22/Summer_2019/100RECNX/RCNX3108.JPG
314,019_100RECNX_RCNX3621.JPG,/tank/data/nna/cameraTrap/prudhoe/22/2019/100RECNX/RCNX3621.JPG
315,019_100RECNX_RCNX1306.JPG,/tank/data/nna/cameraTrap/prudhoe/22/2019/100RECNX/RCNX1306.JPG
316,019_101RECNX_RCNX3045.JPG,/tank/data/nna/cameraTrap/prudhoe/22/2019/101RECNX/RCNX3045.JPG
317,Summer_2019_100RECNX_RCNX7704.JPG,/tank/data/nna/cameraTrap/prudhoe/22/Summer_2019/100RECNX/RCNX7704.JPG
318,Summer_2019_100RECNX_RCNX3631.JPG,/tank/data/nna/cameraTrap/prudhoe/22/Summer_2019/100RECNX/RCNX3631.JPG
319,019_100RECNX_RCNX7262.JPG,/tank/data/nna/cameraTrap/prudhoe/22/2019/100RECNX/RCNX7262.JPG
320,Summer_2019_101RECNX_RCNX2723.JPG,/tank/data/nna/cameraTrap/prudhoe/22/Summer_2019/101RECNX/RCNX2723.JPG
321,019_101RECNX_RCNX3515.JPG,/tank/data/nna/cameraTrap/prudhoe/22/2019/101RECNX/RCNX3515.JPG
322,Summer_2019_100RECNX_RCNX4347.JPG,/tank/data/nna/cameraTrap/prudhoe/22/Summer_2019/100RECNX/RCNX4347.JPG
323,Summer_2019_101RECNX_RCNX0786.JPG,/tank/data/nna/cameraTrap/prudhoe/22/Summer_2019/101RECNX/RCNX0786.JPG
324,019_100RECNX_RCNX4949.JPG,/tank/data/nna/cameraTrap/prudhoe/22/2019/100RECNX/RCNX4949.JPG
325,019_101RECNX_RCNX7528.JPG,/tank/data/nna/cameraTrap/prudhoe/22/2019/101RECNX/RCNX7528.JPG
326,019_101RECNX_RCNX2085.JPG,/tank/data/nna/cameraTrap/prudhoe/22/2019/101RECNX/RCNX2085.JPG
327,019_101RECNX_RCNX3735.JPG,/tank/data/nna/cameraTrap/prudhoe/22/2019/101RECNX/RCNX3735.JPG
328,Summer_2019_100RECNX_RCNX3524.JPG,/tank/data/nna/cameraTrap/prudhoe/22/Summer_2019/100RECNX/RCNX3524.JPG
329,Summer_2019_101RECNX_RCNX6449.JPG,/tank/data/nna/cameraTrap/prudhoe/22/Summer_2019/101RECNX/RCNX6449.JPG
330,019_101RECNX_RCNX6440.JPG,/tank/data/nna/cameraTrap/prudhoe/22/2019/101RECNX/RCNX6440.JPG
331,Summer_2019_100RECNX_RCNX3254.JPG,/tank/data/nna/cameraTrap/prudhoe/22/Summer_2019/100RECNX/RCNX3254.JPG
332,Summer_2019_101RECNX_RCNX0006.JPG,/tank/data/nna/cameraTrap/prudhoe/22/Summer_2019/101RECNX/RCNX0006.JPG
333,Summer_2019_101RECNX_RCNX0332.JPG,/tank/data/nna/cameraTrap/prudhoe/22/Summer_2019/101RECNX/RCNX0332.JPG
334,019_101RECNX_RCNX4016.JPG,/tank/data/nna/cameraTrap/prudhoe/22/2019/101RECNX/RCNX4016.JPG
335,Summer_2019_101RECNX_RCNX5345.JPG,/tank/data/nna/cameraTrap/prudhoe/22/Summer_2019/101RECNX/RCNX5345.JPG
336,Summer_2019_100RECNX_RCNX5897.JPG,/tank/data/nna/cameraTrap/prudhoe/22/Summer_2019/100RECNX/RCNX5897.JPG
337,019_101RECNX_RCNX0035.JPG,/tank/data/nna/cameraTrap/prudhoe/22/2019/101RECNX/RCNX0035.JPG
338,019_100RECNX_RCNX9034.JPG,/tank/data/nna/cameraTrap/prudhoe/22/2019/100RECNX/RCNX9034.JPG
339,019_100RECNX_RCNX8094.JPG,/tank/data/nna/cameraTrap/prudhoe/22/2019/100RECNX/RCNX8094.JPG
340,019_100RECNX_RCNX0665.JPG,/tank/data/nna/cameraTrap/prudhoe/22/2019/100RECNX/RCNX0665.JPG
341,Summer_2019_101RECNX_RCNX1586.JPG,/tank/data/nna/cameraTrap/prudhoe/22/Summer_2019/101RECNX/RCNX1586.JPG
342,019_100RECNX_RCNX0381.JPG,/tank/data/nna/cameraTrap/prudhoe/22/2019/100RECNX/RCNX0381.JPG
343,019_101RECNX_RCNX3940.JPG,/tank/data/nna/cameraTrap/prudhoe/22/2019/101RECNX/RCNX3940.JPG
344,Summer_2019_101RECNX_RCNX7008.JPG,/tank/data/nna/cameraTrap/prudhoe/22/Summer_2019/101RECNX/RCNX7008.JPG
345,Summer_2019_101RECNX_RCNX5692.JPG,/tank/data/nna/cameraTrap/prudhoe/22/Summer_2019/101RECNX/RCNX5692.JPG
346,019_100RECNX_RCNX7818.JPG,/tank/data/nna/cameraTrap/prudhoe/22/2019/100RECNX/RCNX7818.JPG
347,019_101RECNX_RCNX4021.JPG,/tank/data/nna/cameraTrap/prudhoe/22/2019/101RECNX/RCNX4021.JPG
348,Summer_2019_100RECNX_RCNX4351.JPG,/tank/data/nna/cameraTrap/prudhoe/22/Summer_2019/100RECNX/RCNX4351.JPG
349,019_100RECNX_RCNX1580.JPG,/tank/data/nna/cameraTrap/prudhoe/22/2019/100RECNX/RCNX1580.JPG
350,019_101RECNX_RCNX1174.JPG,/tank/data/nna/cameraTrap/prudhoe/22/2019/101RECNX/RCNX1174.JPG
351,Summer_2019_101RECNX_RCNX4398.JPG,/tank/data/nna/cameraTrap/prudhoe/22/Summer_2019/101RECNX/RCNX4398.JPG
352,Summer_2019_100RECNX_RCNX0234.JPG,/tank/data/nna/cameraTrap/prudhoe/22/Summer_2019/100RECNX/RCNX0234.JPG
353,019_100RECNX_RCNX9020.JPG,/tank/data/nna/cameraTrap/prudhoe/22/2019/100RECNX/RCNX9020.JPG
354,019_101RECNX_RCNX4377.JPG,/tank/data/nna/cameraTrap/prudhoe/22/2019/101RECNX/RCNX4377.JPG
355,Summer_2019_101RECNX_RCNX1452.JPG,/tank/data/nna/cameraTrap/prudhoe/22/Summer_2019/101RECNX/RCNX1452.JPG
356,Summer_2019_101RECNX_RCNX2000.JPG,/tank/data/nna/cameraTrap/prudhoe/22/Summer_2019/101RECNX/RCNX2000.JPG
357,Summer_2019_101RECNX_RCNX5060.JPG,/tank/data/nna/cameraTrap/prudhoe/22/Summer_2019/101RECNX/RCNX5060.JPG
358,019_101RECNX_RCNX1426.JPG,/tank/data/nna/cameraTrap/prudhoe/22/2019/101RECNX/RCNX1426.JPG
359,019_100RECNX_RCNX8242.JPG,/tank/data/nna/cameraTrap/prudhoe/22/2019/100RECNX/RCNX8242.JPG
360,019_100RECNX_RCNX5436.JPG,/tank/data/nna/cameraTrap/prudhoe/22/2019/100RECNX/RCNX5436.JPG
361,019_101RECNX_RCNX1094.JPG,/tank/data/nna/cameraTrap/prudhoe/22/2019/101RECNX/RCNX1094.JPG
362,Summer_2019_100RECNX_RCNX2011.JPG,/tank/data/nna/cameraTrap/prudhoe/22/Summer_2019/100RECNX/RCNX2011.JPG
363,Summer_2019_100RECNX_RCNX5708.JPG,/tank/data/nna/cameraTrap/prudhoe/22/Summer_2019/100RECNX/RCNX5708.JPG
364,019_101RECNX_RCNX6572.JPG,/tank/data/nna/cameraTrap/prudhoe/22/2019/101RECNX/RCNX6572.JPG
365,Summer_2019_100RECNX_RCNX7310.JPG,/tank/data/nna/cameraTrap/prudhoe/22/Summer_2019/100RECNX/RCNX7310.JPG
366,019_100RECNX_RCNX0007.JPG,/tank/data/nna/cameraTrap/prudhoe/22/2019/100RECNX/RCNX0007.JPG
367,019_101RECNX_RCNX4500.JPG,/tank/data/nna/cameraTrap/prudhoe/22/2019/101RECNX/RCNX4500.JPG
368,019_101RECNX_RCNX0841.JPG,/tank/data/nna/cameraTrap/prudhoe/22/2019/101RECNX/RCNX0841.JPG
369,Summer_2019_101RECNX_RCNX5187.JPG,/tank/data/nna/cameraTrap/prudhoe/22/Summer_2019/101RECNX/RCNX5187.JPG
370,Summer_2019_100RECNX_RCNX0572.JPG,/tank/data/nna/cameraTrap/prudhoe/22/Summer_2019/100RECNX/RCNX0572.JPG
371,Summer_2019_101RECNX_RCNX5382.JPG,/tank/data/nna/cameraTrap/prudhoe/22/Summer_2019/101RECNX/RCNX5382.JPG
372,Summer_2019_100RECNX_RCNX6527.JPG,/tank/data/nna/cameraTrap/prudhoe/22/Summer_2019/100RECNX/RCNX6527.JPG
373,Summer_2019_101RECNX_RCNX5756.JPG,/tank/data/nna/cameraTrap/prudhoe/22/Summer_2019/101RECNX/RCNX5756.JPG
374,Summer_2019_100RECNX_RCNX6471.JPG,/tank/data/nna/cameraTrap/prudhoe/22/Summer_2019/100RECNX/RCNX6471.JPG
375,Summer_2019_101RECNX_RCNX4500.JPG,/tank/data/nna/cameraTrap/prudhoe/22/Summer_2019/101RECNX/RCNX4500.JPG
376,Summer_2019_100RECNX_RCNX1899.JPG,/tank/data/nna/cameraTrap/prudhoe/22/Summer_2019/100RECNX/RCNX1899.JPG
377,Summer_2019_101RECNX_RCNX2732.JPG,/tank/data/nna/cameraTrap/prudhoe/22/Summer_2019/101RECNX/RCNX2732.JPG
378,Summer_2019_101RECNX_RCNX0195.JPG,/tank/data/nna/cameraTrap/prudhoe/22/Summer_2019/101RECNX/RCNX0195.JPG
379,019_100RECNX_RCNX2378.JPG,/tank/data/nna/cameraTrap/prudhoe/22/2019/100RECNX/RCNX2378.JPG
380,Summer_2019_101RECNX_RCNX7425.JPG,/tank/data/nna/cameraTrap/prudhoe/22/Summer_2019/101RECNX/RCNX7425.JPG
381,Summer_2019_101RECNX_RCNX6746.JPG,/tank/data/nna/cameraTrap/prudhoe/22/Summer_2019/101RECNX/RCNX6746.JPG
382,Summer_2019_100RECNX_RCNX1702.JPG,/tank/data/nna/cameraTrap/prudhoe/22/Summer_2019/100RECNX/RCNX1702.JPG
383,Summer_2019_100RECNX_RCNX3817.JPG,/tank/data/nna/cameraTrap/prudhoe/22/Summer_2019/100RECNX/RCNX3817.JPG
384,Summer_2019_101RECNX_RCNX5087.JPG,/tank/data/nna/cameraTrap/prudhoe/22/Summer_2019/101RECNX/RCNX5087.JPG
385,Summer_2019_101RECNX_RCNX6611.JPG,/tank/data/nna/cameraTrap/prudhoe/22/Summer_2019/101RECNX/RCNX6611.JPG
386,Summer_2019_101RECNX_RCNX4864.JPG,/tank/data/nna/cameraTrap/prudhoe/22/Summer_2019/101RECNX/RCNX4864.JPG
387,Summer_2019_100RECNX_RCNX7997.JPG,/tank/data/nna/cameraTrap/prudhoe/22/Summer_2019/100RECNX/RCNX7997.JPG
388,Summer_2019_100RECNX_RCNX6876.JPG,/tank/data/nna/cameraTrap/prudhoe/22/Summer_2019/100RECNX/RCNX6876.JPG
389,019_101RECNX_RCNX4883.JPG,/tank/data/nna/cameraTrap/prudhoe/22/2019/101RECNX/RCNX4883.JPG
390,019_100RECNX_RCNX9690.JPG,/tank/data/nna/cameraTrap/prudhoe/22/2019/100RECNX/RCNX9690.JPG
391,019_100RECNX_RCNX8716.JPG,/tank/data/nna/cameraTrap/prudhoe/22/2019/100RECNX/RCNX8716.JPG
392,019_100RECNX_RCNX5627.JPG,/tank/data/nna/cameraTrap/prudhoe/22/2019/100RECNX/RCNX5627.JPG
393,019_100RECNX_RCNX9992.JPG,/tank/data/nna/cameraTrap/prudhoe/22/2019/100RECNX/RCNX9992.JPG
394,019_100RECNX_RCNX5545.JPG,/tank/data/nna/cameraTrap/prudhoe/22/2019/100RECNX/RCNX5545.JPG
395,019_100RECNX_RCNX2343.JPG,/tank/data/nna/cameraTrap/prudhoe/22/2019/100RECNX/RCNX2343.JPG
396,019_101RECNX_RCNX4228.JPG,/tank/data/nna/cameraTrap/prudhoe/22/2019/101RECNX/RCNX4228.JPG
397,019_100RECNX_RCNX9013.JPG,/tank/data/nna/cameraTrap/prudhoe/22/2019/100RECNX/RCNX9013.JPG
398,Summer_2019_100RECNX_RCNX7109.JPG,/tank/data/nna/cameraTrap/prudhoe/22/Summer_2019/100RECNX/RCNX7109.JPG
399,Summer_2019_100RECNX_RCNX3940.JPG,/tank/data/nna/cameraTrap/prudhoe/22/Summer_2019/100RECNX/RCNX3940.JPG
400,Summer_2019_101RECNX_RCNX6556.JPG,/tank/data/nna/cameraTrap/prudhoe/22/Summer_2019/101RECNX/RCNX6556.JPG
401,019_101RECNX_RCNX2795.JPG,/tank/data/nna/cameraTrap/prudhoe/22/2019/101RECNX/RCNX2795.JPG
402,Summer_2019_100RECNX_RCNX9398.JPG,/tank/data/nna/cameraTrap/prudhoe/22/Summer_2019/100RECNX/RCNX9398.JPG
403,Summer_2019_101RECNX_RCNX0504.JPG,/tank/data/nna/cameraTrap/prudhoe/22/Summer_2019/101RECNX/RCNX0504.JPG
404,019_101RECNX_RCNX6447.JPG,/tank/data/nna/cameraTrap/prudhoe/22/2019/101RECNX/RCNX6447.JPG
405,Summer_2019_101RECNX_RCNX6682.JPG,/tank/data/nna/cameraTrap/prudhoe/22/Summer_2019/101RECNX/RCNX6682.JPG
406,Summer_2019_100RECNX_RCNX7180.JPG,/tank/data/nna/cameraTrap/prudhoe/22/Summer_2019/100RECNX/RCNX7180.JPG
407,Summer_2019_101RECNX_RCNX2468.JPG,/tank/data/nna/cameraTrap/prudhoe/22/Summer_2019/101RECNX/RCNX2468.JPG
408,019_100RECNX_RCNX7190.JPG,/tank/data/nna/cameraTrap/prudhoe/22/2019/100RECNX/RCNX7190.JPG
409,Summer_2019_100RECNX_RCNX0971.JPG,/tank/data/nna/cameraTrap/prudhoe/22/Summer_2019/100RECNX/RCNX0971.JPG
410,Summer_2019_101RECNX_RCNX3207.JPG,/tank/data/nna/cameraTrap/prudhoe/22/Summer_2019/101RECNX/RCNX3207.JPG
411,Summer_2019_100RECNX_RCNX3974.JPG,/tank/data/nna/cameraTrap/prudhoe/22/Summer_2019/100RECNX/RCNX3974.JPG
412,019_101RECNX_RCNX6952.JPG,/tank/data/nna/cameraTrap/prudhoe/22/2019/101RECNX/RCNX6952.JPG
413,Summer_2019_100RECNX_RCNX7652.JPG,/tank/data/nna/cameraTrap/prudhoe/22/Summer_2019/100RECNX/RCNX7652.JPG
414,Summer_2019_101RECNX_RCNX7162.JPG,/tank/data/nna/cameraTrap/prudhoe/22/Summer_2019/101RECNX/RCNX7162.JPG
415,019_100RECNX_RCNX3571.JPG,/tank/data/nna/cameraTrap/prudhoe/22/2019/100RECNX/RCNX3571.JPG
416,019_100RECNX_RCNX5838.JPG,/tank/data/nna/cameraTrap/prudhoe/22/2019/100RECNX/RCNX5838.JPG
417,Summer_2019_100RECNX_RCNX3598.JPG,/tank/data/nna/cameraTrap/prudhoe/22/Summer_2019/100RECNX/RCNX3598.JPG
418,019_101RECNX_RCNX4465.JPG,/tank/data/nna/cameraTrap/prudhoe/22/2019/101RECNX/RCNX4465.JPG
419,Summer_2019_101RECNX_RCNX7278.JPG,/tank/data/nna/cameraTrap/prudhoe/22/Summer_2019/101RECNX/RCNX7278.JPG
420,Summer_2019_100RECNX_RCNX8633.JPG,/tank/data/nna/cameraTrap/prudhoe/22/Summer_2019/100RECNX/RCNX8633.JPG
421,Summer_2019_101RECNX_RCNX5086.JPG,/tank/data/nna/cameraTrap/prudhoe/22/Summer_2019/101RECNX/RCNX5086.JPG
422,Summer_2019_100RECNX_RCNX2476.JPG,/tank/data/nna/cameraTrap/prudhoe/22/Summer_2019/100RECNX/RCNX2476.JPG
423,Summer_2019_101RECNX_RCNX5334.JPG,/tank/data/nna/cameraTrap/prudhoe/22/Summer_2019/101RECNX/RCNX5334.JPG
424,Summer_2019_100RECNX_RCNX8964.JPG,/tank/data/nna/cameraTrap/prudhoe/22/Summer_2019/100RECNX/RCNX8964.JPG
425,Summer_2019_100RECNX_RCNX8902.JPG,/tank/data/nna/cameraTrap/prudhoe/22/Summer_2019/100RECNX/RCNX8902.JPG
426,Summer_2019_100RECNX_RCNX2940.JPG,/tank/data/nna/cameraTrap/prudhoe/22/Summer_2019/100RECNX/RCNX2940.JPG
427,019_100RECNX_RCNX8102.JPG,/tank/data/nna/cameraTrap/prudhoe/22/2019/100RECNX/RCNX8102.JPG
428,019_101RECNX_RCNX0354.JPG,/tank/data/nna/cameraTrap/prudhoe/22/2019/101RECNX/RCNX0354.JPG
429,Summer_2019_101RECNX_RCNX5301.JPG,/tank/data/nna/cameraTrap/prudhoe/22/Summer_2019/101RECNX/RCNX5301.JPG
430,Summer_2019_100RECNX_RCNX9869.JPG,/tank/data/nna/cameraTrap/prudhoe/22/Summer_2019/100RECNX/RCNX9869.JPG
431,019_101RECNX_RCNX1476.JPG,/tank/data/nna/cameraTrap/prudhoe/22/2019/101RECNX/RCNX1476.JPG
432,019_101RECNX_RCNX6840.JPG,/tank/data/nna/cameraTrap/prudhoe/22/2019/101RECNX/RCNX6840.JPG
433,019_101RECNX_RCNX2668.JPG,/tank/data/nna/cameraTrap/prudhoe/22/2019/101RECNX/RCNX2668.JPG
434,019_100RECNX_RCNX8110.JPG,/tank/data/nna/cameraTrap/prudhoe/22/2019/100RECNX/RCNX8110.JPG
435,019_101RECNX_RCNX0756.JPG,/tank/data/nna/cameraTrap/prudhoe/22/2019/101RECNX/RCNX0756.JPG
436,019_100RECNX_RCNX8384.JPG,/tank/data/nna/cameraTrap/prudhoe/22/2019/100RECNX/RCNX8384.JPG
437,Summer_2019_100RECNX_RCNX7672.JPG,/tank/data/nna/cameraTrap/prudhoe/22/Summer_2019/100RECNX/RCNX7672.JPG
438,019_100RECNX_RCNX0275.JPG,/tank/data/nna/cameraTrap/prudhoe/22/2019/100RECNX/RCNX0275.JPG
439,019_101RECNX_RCNX2022.JPG,/tank/data/nna/cameraTrap/prudhoe/22/2019/101RECNX/RCNX2022.JPG
440,Summer_2019_100RECNX_RCNX6462.JPG,/tank/data/nna/cameraTrap/prudhoe/22/Summer_2019/100RECNX/RCNX6462.JPG
441,Summer_2019_101RECNX_RCNX1913.JPG,/tank/data/nna/cameraTrap/prudhoe/22/Summer_2019/101RECNX/RCNX1913.JPG
442,Summer_2019_101RECNX_RCNX3317.JPG,/tank/data/nna/cameraTrap/prudhoe/22/Summer_2019/101RECNX/RCNX3317.JPG
443,Summer_2019_101RECNX_RCNX5177.JPG,/tank/data/nna/cameraTrap/prudhoe/22/Summer_2019/101RECNX/RCNX5177.JPG
444,019_101RECNX_RCNX3667.JPG,/tank/data/nna/cameraTrap/prudhoe/22/2019/101RECNX/RCNX3667.JPG
445,Summer_2019_101RECNX_RCNX0597.JPG,/tank/data/nna/cameraTrap/prudhoe/22/Summer_2019/101RECNX/RCNX0597.JPG
446,Summer_2019_101RECNX_RCNX7277.JPG,/tank/data/nna/cameraTrap/prudhoe/22/Summer_2019/101RECNX/RCNX7277.JPG
447,Summer_2019_100RECNX_RCNX4348.JPG,/tank/data/nna/cameraTrap/prudhoe/22/Summer_2019/100RECNX/RCNX4348.JPG
448,019_101RECNX_RCNX1323.JPG,/tank/data/nna/cameraTrap/prudhoe/22/2019/101RECNX/RCNX1323.JPG
449,019_100RECNX_RCNX7531.JPG,/tank/data/nna/cameraTrap/prudhoe/22/2019/100RECNX/RCNX7531.JPG
450,019_101RECNX_RCNX5992.JPG,/tank/data/nna/cameraTrap/prudhoe/22/2019/101RECNX/RCNX5992.JPG
451,019_100RECNX_RCNX9894.JPG,/tank/data/nna/cameraTrap/prudhoe/22/2019/100RECNX/RCNX9894.JPG
452,019_101RECNX_RCNX7202.JPG,/tank/data/nna/cameraTrap/prudhoe/22/2019/101RECNX/RCNX7202.JPG
453,Summer_2019_101RECNX_RCNX5134.JPG,/tank/data/nna/cameraTrap/prudhoe/22/Summer_2019/101RECNX/RCNX5134.JPG
454,019_101RECNX_RCNX4961.JPG,/tank/data/nna/cameraTrap/prudhoe/22/2019/101RECNX/RCNX4961.JPG
455,019_101RECNX_RCNX4194.JPG,/tank/data/nna/cameraTrap/prudhoe/22/2019/101RECNX/RCNX4194.JPG
456,019_101RECNX_RCNX7672.JPG,/tank/data/nna/cameraTrap/prudhoe/22/2019/101RECNX/RCNX7672.JPG
457,019_100RECNX_RCNX2353.JPG,/tank/data/nna/cameraTrap/prudhoe/22/2019/100RECNX/RCNX2353.JPG
458,Summer_2019_100RECNX_RCNX4286.JPG,/tank/data/nna/cameraTrap/prudhoe/22/Summer_2019/100RECNX/RCNX4286.JPG
459,019_101RECNX_RCNX2803.JPG,/tank/data/nna/cameraTrap/prudhoe/22/2019/101RECNX/RCNX2803.JPG
460,Summer_2019_100RECNX_RCNX8710.JPG,/tank/data/nna/cameraTrap/prudhoe/22/Summer_2019/100RECNX/RCNX8710.JPG
461,019_101RECNX_RCNX7636.JPG,/tank/data/nna/cameraTrap/prudhoe/22/2019/101RECNX/RCNX7636.JPG
462,Summer_2019_100RECNX_RCNX0480.JPG,/tank/data/nna/cameraTrap/prudhoe/22/Summer_2019/100RECNX/RCNX0480.JPG
463,Summer_2019_101RECNX_RCNX5021.JPG,/tank/data/nna/cameraTrap/prudhoe/22/Summer_2019/101RECNX/RCNX5021.JPG
464,019_101RECNX_RCNX2853.JPG,/tank/data/nna/cameraTrap/prudhoe/22/2019/101RECNX/RCNX2853.JPG
465,Summer_2019_101RECNX_RCNX6768.JPG,/tank/data/nna/cameraTrap/prudhoe/22/Summer_2019/101RECNX/RCNX6768.JPG
466,019_100RECNX_RCNX7166.JPG,/tank/data/nna/cameraTrap/prudhoe/22/2019/100RECNX/RCNX7166.JPG
467,Summer_2019_101RECNX_RCNX7157.JPG,/tank/data/nna/cameraTrap/prudhoe/22/Summer_2019/101RECNX/RCNX7157.JPG
468,019_100RECNX_RCNX7797.JPG,/tank/data/nna/cameraTrap/prudhoe/22/2019/100RECNX/RCNX7797.JPG
469,019_100RECNX_RCNX3956.JPG,/tank/data/nna/cameraTrap/prudhoe/22/2019/100RECNX/RCNX3956.JPG
470,019_101RECNX_RCNX1170.JPG,/tank/data/nna/cameraTrap/prudhoe/22/2019/101RECNX/RCNX1170.JPG
471,019_100RECNX_RCNX4760.JPG,/tank/data/nna/cameraTrap/prudhoe/22/2019/100RECNX/RCNX4760.JPG
472,Summer_2019_100RECNX_RCNX9064.JPG,/tank/data/nna/cameraTrap/prudhoe/22/Summer_2019/100RECNX/RCNX9064.JPG
473,Summer_2019_100RECNX_RCNX7616.JPG,/tank/data/nna/cameraTrap/prudhoe/22/Summer_2019/100RECNX/RCNX7616.JPG
474,Summer_2019_100RECNX_RCNX4396.JPG,/tank/data/nna/cameraTrap/prudhoe/22/Summer_2019/100RECNX/RCNX4396.JPG
475,019_100RECNX_RCNX8763.JPG,/tank/data/nna/cameraTrap/prudhoe/22/2019/100RECNX/RCNX8763.JPG
476,019_100RECNX_RCNX4744.JPG,/tank/data/nna/cameraTrap/prudhoe/22/2019/100RECNX/RCNX4744.JPG
477,019_100RECNX_RCNX4775.JPG,/tank/data/nna/cameraTrap/prudhoe/22/2019/100RECNX/RCNX4775.JPG
478,019_100RECNX_RCNX4727.JPG,/tank/data/nna/cameraTrap/prudhoe/22/2019/100RECNX/RCNX4727.JPG
479,Summer_2019_101RECNX_RCNX5000.JPG,/tank/data/nna/cameraTrap/prudhoe/22/Summer_2019/101RECNX/RCNX5000.JPG
480,019_100RECNX_RCNX6174.JPG,/tank/data/nna/cameraTrap/prudhoe/22/2019/100RECNX/RCNX6174.JPG
481,019_100RECNX_RCNX8554.JPG,/tank/data/nna/cameraTrap/prudhoe/22/2019/100RECNX/RCNX8554.JPG
482,Summer_2019_100RECNX_RCNX6446.JPG,/tank/data/nna/cameraTrap/prudhoe/22/Summer_2019/100RECNX/RCNX6446.JPG
483,Summer_2019_100RECNX_RCNX9853.JPG,/tank/data/nna/cameraTrap/prudhoe/22/Summer_2019/100RECNX/RCNX9853.JPG
484,019_100RECNX_RCNX5183.JPG,/tank/data/nna/cameraTrap/prudhoe/22/2019/100RECNX/RCNX5183.JPG
485,019_101RECNX_RCNX3194.JPG,/tank/data/nna/cameraTrap/prudhoe/22/2019/101RECNX/RCNX3194.JPG
486,019_100RECNX_RCNX7954.JPG,/tank/data/nna/cameraTrap/prudhoe/22/2019/100RECNX/RCNX7954.JPG
487,019_101RECNX_RCNX3866.JPG,/tank/data/nna/cameraTrap/prudhoe/22/2019/101RECNX/RCNX3866.JPG
488,019_100RECNX_RCNX6981.JPG,/tank/data/nna/cameraTrap/prudhoe/22/2019/100RECNX/RCNX6981.JPG
489,Summer_2019_100RECNX_RCNX6320.JPG,/tank/data/nna/cameraTrap/prudhoe/22/Summer_2019/100RECNX/RCNX6320.JPG
490,019_100RECNX_RCNX0912.JPG,/tank/data/nna/cameraTrap/prudhoe/22/2019/100RECNX/RCNX0912.JPG
491,Summer_2019_100RECNX_RCNX9880.JPG,/tank/data/nna/cameraTrap/prudhoe/22/Summer_2019/100RECNX/RCNX9880.JPG
492,019_100RECNX_RCNX1526.JPG,/tank/data/nna/cameraTrap/prudhoe/22/2019/100RECNX/RCNX1526.JPG
493,Summer_2019_100RECNX_RCNX6544.JPG,/tank/data/nna/cameraTrap/prudhoe/22/Summer_2019/100RECNX/RCNX6544.JPG
494,Summer_2019_100RECNX_RCNX4568.JPG,/tank/data/nna/cameraTrap/prudhoe/22/Summer_2019/100RECNX/RCNX4568.JPG
495,Summer_2019_101RECNX_RCNX5538.JPG,/tank/data/nna/cameraTrap/prudhoe/22/Summer_2019/101RECNX/RCNX5538.JPG
496,019_100RECNX_RCNX9418.JPG,/tank/data/nna/cameraTrap/prudhoe/22/2019/100RECNX/RCNX9418.JPG
497,Summer_2019_101RECNX_RCNX3636.JPG,/tank/data/nna/cameraTrap/prudhoe/22/Summer_2019/101RECNX/RCNX3636.JPG
498,Summer_2019_100RECNX_RCNX4489.JPG,/tank/data/nna/cameraTrap/prudhoe/22/Summer_2019/100RECNX/RCNX4489.JPG
499,019_100RECNX_RCNX9823.JPG,/tank/data/nna/cameraTrap/prudhoe/22/2019/100RECNX/RCNX9823.JPG
500,Summer_2019_101RECNX_RCNX3683.JPG,/tank/data/nna/cameraTrap/prudhoe/22/Summer_2019/101RECNX/RCNX3683.JPG
501,019_100RECNX_RCNX6506.JPG,/tank/data/nna/cameraTrap/prudhoe/22/2019/100RECNX/RCNX6506.JPG
502,Summer_2019_101RECNX_RCNX5505.JPG,/tank/data/nna/cameraTrap/prudhoe/22/Summer_2019/101RECNX/RCNX5505.JPG
503,Summer_2019_100RECNX_RCNX5084.JPG,/tank/data/nna/cameraTrap/prudhoe/22/Summer_2019/100RECNX/RCNX5084.JPG
504,Summer_2019_101RECNX_RCNX6240.JPG,/tank/data/nna/cameraTrap/prudhoe/22/Summer_2019/101RECNX/RCNX6240.JPG
505,019_101RECNX_RCNX4463.JPG,/tank/data/nna/cameraTrap/prudhoe/22/2019/101RECNX/RCNX4463.JPG
506,Summer_2019_101RECNX_RCNX3379.JPG,/tank/data/nna/cameraTrap/prudhoe/22/Summer_2019/101RECNX/RCNX3379.JPG
507,019_100RECNX_RCNX2792.JPG,/tank/data/nna/cameraTrap/prudhoe/22/2019/100RECNX/RCNX2792.JPG
508,019_101RECNX_RCNX1774.JPG,/tank/data/nna/cameraTrap/prudhoe/22/2019/101RECNX/RCNX1774.JPG
509,Summer_2019_100RECNX_RCNX3556.JPG,/tank/data/nna/cameraTrap/prudhoe/22/Summer_2019/100RECNX/RCNX3556.JPG
510,019_100RECNX_RCNX9018.JPG,/tank/data/nna/cameraTrap/prudhoe/22/2019/100RECNX/RCNX9018.JPG
511,019_100RECNX_RCNX5535.JPG,/tank/data/nna/cameraTrap/prudhoe/22/2019/100RECNX/RCNX5535.JPG
512,Summer_2019_100RECNX_RCNX0351.JPG,/tank/data/nna/cameraTrap/prudhoe/22/Summer_2019/100RECNX/RCNX0351.JPG
513,019_100RECNX_RCNX1228.JPG,/tank/data/nna/cameraTrap/prudhoe/22/2019/100RECNX/RCNX1228.JPG
514,Summer_2019_101RECNX_RCNX6486.JPG,/tank/data/nna/cameraTrap/prudhoe/22/Summer_2019/101RECNX/RCNX6486.JPG
515,019_100RECNX_RCNX6547.JPG,/tank/data/nna/cameraTrap/prudhoe/22/2019/100RECNX/RCNX6547.JPG
516,Summer_2019_101RECNX_RCNX6318.JPG,/tank/data/nna/cameraTrap/prudhoe/22/Summer_2019/101RECNX/RCNX6318.JPG
517,019_100RECNX_RCNX6466.JPG,/tank/data/nna/cameraTrap/prudhoe/22/2019/100RECNX/RCNX6466.JPG
518,019_101RECNX_RCNX0241.JPG,/tank/data/nna/cameraTrap/prudhoe/22/2019/101RECNX/RCNX0241.JPG
519,Summer_2019_101RECNX_RCNX5896.JPG,/tank/data/nna/cameraTrap/prudhoe/22/Summer_2019/101RECNX/RCNX5896.JPG
520,019_100RECNX_RCNX9293.JPG,/tank/data/nna/cameraTrap/prudhoe/22/2019/100RECNX/RCNX9293.JPG
521,Summer_2019_100RECNX_RCNX4995.JPG,/tank/data/nna/cameraTrap/prudhoe/22/Summer_2019/100RECNX/RCNX4995.JPG
522,019_100RECNX_RCNX8302.JPG,/tank/data/nna/cameraTrap/prudhoe/22/2019/100RECNX/RCNX8302.JPG
523,019_101RECNX_RCNX6215.JPG,/tank/data/nna/cameraTrap/prudhoe/22/2019/101RECNX/RCNX6215.JPG
524,Summer_2019_100RECNX_RCNX6052.JPG,/tank/data/nna/cameraTrap/prudhoe/22/Summer_2019/100RECNX/RCNX6052.JPG
525,019_100RECNX_RCNX5624.JPG,/tank/data/nna/cameraTrap/prudhoe/22/2019/100RECNX/RCNX5624.JPG
526,019_101RECNX_RCNX3816.JPG,/tank/data/nna/cameraTrap/prudhoe/22/2019/101RECNX/RCNX3816.JPG
527,019_100RECNX_RCNX1002.JPG,/tank/data/nna/cameraTrap/prudhoe/22/2019/100RECNX/RCNX1002.JPG
528,019_100RECNX_RCNX8642.JPG,/tank/data/nna/cameraTrap/prudhoe/22/2019/100RECNX/RCNX8642.JPG
529,Summer_2019_101RECNX_RCNX4276.JPG,/tank/data/nna/cameraTrap/prudhoe/22/Summer_2019/101RECNX/RCNX4276.JPG
530,019_101RECNX_RCNX7173.JPG,/tank/data/nna/cameraTrap/prudhoe/22/2019/101RECNX/RCNX7173.JPG
531,019_101RECNX_RCNX6234.JPG,/tank/data/nna/cameraTrap/prudhoe/22/2019/101RECNX/RCNX6234.JPG
532,Summer_2019_101RECNX_RCNX0207.JPG,/tank/data/nna/cameraTrap/prudhoe/22/Summer_2019/101RECNX/RCNX0207.JPG
533,019_100RECNX_RCNX2392.JPG,/tank/data/nna/cameraTrap/prudhoe/22/2019/100RECNX/RCNX2392.JPG
534,Summer_2019_101RECNX_RCNX2782.JPG,/tank/data/nna/cameraTrap/prudhoe/22/Summer_2019/101RECNX/RCNX2782.JPG
535,019_100RECNX_RCNX9029.JPG,/tank/data/nna/cameraTrap/prudhoe/22/2019/100RECNX/RCNX9029.JPG
536,Summer_2019_100RECNX_RCNX3942.JPG,/tank/data/nna/cameraTrap/prudhoe/22/Summer_2019/100RECNX/RCNX3942.JPG
537,019_101RECNX_RCNX0683.JPG,/tank/data/nna/cameraTrap/prudhoe/22/2019/101RECNX/RCNX0683.JPG
538,019_100RECNX_RCNX9475.JPG,/tank/data/nna/cameraTrap/prudhoe/22/2019/100RECNX/RCNX9475.JPG
539,Summer_2019_100RECNX_RCNX3763.JPG,/tank/data/nna/cameraTrap/prudhoe/22/Summer_2019/100RECNX/RCNX3763.JPG
540,019_100RECNX_RCNX0387.JPG,/tank/data/nna/cameraTrap/prudhoe/22/2019/100RECNX/RCNX0387.JPG
541,019_101RECNX_RCNX6773.JPG,/tank/data/nna/cameraTrap/prudhoe/22/2019/101RECNX/RCNX6773.JPG
542,Summer_2019_101RECNX_RCNX4245.JPG,/tank/data/nna/cameraTrap/prudhoe/22/Summer_2019/101RECNX/RCNX4245.JPG
543,Summer_2019_100RECNX_RCNX1793.JPG,/tank/data/nna/cameraTrap/prudhoe/22/Summer_2019/100RECNX/RCNX1793.JPG
544,019_101RECNX_RCNX0085.JPG,/tank/data/nna/cameraTrap/prudhoe/22/2019/101RECNX/RCNX0085.JPG
545,019_100RECNX_RCNX9356.JPG,/tank/data/nna/cameraTrap/prudhoe/22/2019/100RECNX/RCNX9356.JPG
546,019_100RECNX_RCNX2475.JPG,/tank/data/nna/cameraTrap/prudhoe/22/2019/100RECNX/RCNX2475.JPG
547,019_100RECNX_RCNX4521.JPG,/tank/data/nna/cameraTrap/prudhoe/22/2019/100RECNX/RCNX4521.JPG
548,Summer_2019_100RECNX_RCNX4144.JPG,/tank/data/nna/cameraTrap/prudhoe/22/Summer_2019/100RECNX/RCNX4144.JPG
549,019_101RECNX_RCNX7690.JPG,/tank/data/nna/cameraTrap/prudhoe/22/2019/101RECNX/RCNX7690.JPG
550,019_100RECNX_RCNX2934.JPG,/tank/data/nna/cameraTrap/prudhoe/22/2019/100RECNX/RCNX2934.JPG
551,Summer_2019_100RECNX_RCNX6250.JPG,/tank/data/nna/cameraTrap/prudhoe/22/Summer_2019/100RECNX/RCNX6250.JPG
552,019_100RECNX_RCNX0886.JPG,/tank/data/nna/cameraTrap/prudhoe/22/2019/100RECNX/RCNX0886.JPG
553,Summer_2019_101RECNX_RCNX3940.JPG,/tank/data/nna/cameraTrap/prudhoe/22/Summer_2019/101RECNX/RCNX3940.JPG
554,Summer_2019_100RECNX_RCNX8231.JPG,/tank/data/nna/cameraTrap/prudhoe/22/Summer_2019/100RECNX/RCNX8231.JPG
555,Summer_2019_100RECNX_RCNX3339.JPG,/tank/data/nna/cameraTrap/prudhoe/22/Summer_2019/100RECNX/RCNX3339.JPG
556,Summer_2019_101RECNX_RCNX5393.JPG,/tank/data/nna/cameraTrap/prudhoe/22/Summer_2019/101RECNX/RCNX5393.JPG
557,019_101RECNX_RCNX6854.JPG,/tank/data/nna/cameraTrap/prudhoe/22/2019/101RECNX/RCNX6854.JPG
558,019_101RECNX_RCNX5297.JPG,/tank/data/nna/cameraTrap/prudhoe/22/2019/101RECNX/RCNX5297.JPG
559,Summer_2019_101RECNX_RCNX4486.JPG,/tank/data/nna/cameraTrap/prudhoe/22/Summer_2019/101RECNX/RCNX4486.JPG
560,Summer_2019_101RECNX_RCNX5538.JPG,/tank/data/nna/cameraTrap/prudhoe/22/Summer_2019/101RECNX/RCNX5538.JPG
561,Summer_2019_100RECNX_RCNX3477.JPG,/tank/data/nna/cameraTrap/prudhoe/22/Summer_2019/100RECNX/RCNX3477.JPG
562,Summer_2019_101RECNX_RCNX2482.JPG,/tank/data/nna/cameraTrap/prudhoe/22/Summer_2019/101RECNX/RCNX2482.JPG
563,Summer_2019_101RECNX_RCNX2681.JPG,/tank/data/nna/cameraTrap/prudhoe/22/Summer_2019/101RECNX/RCNX2681.JPG
564,Summer_2019_100RECNX_RCNX0285.JPG,/tank/data/nna/cameraTrap/prudhoe/22/Summer_2019/100RECNX/RCNX0285.JPG
565,019_101RECNX_RCNX1636.JPG,/tank/data/nna/cameraTrap/prudhoe/22/2019/101RECNX/RCNX1636.JPG
566,019_100RECNX_RCNX2158.JPG,/tank/data/nna/cameraTrap/prudhoe/22/2019/100RECNX/RCNX2158.JPG
567,019_100RECNX_RCNX6639.JPG,/tank/data/nna/cameraTrap/prudhoe/22/2019/100RECNX/RCNX6639.JPG
568,019_100RECNX_RCNX2996.JPG,/tank/data/nna/cameraTrap/prudhoe/22/2019/100RECNX/RCNX2996.JPG
569,Summer_2019_100RECNX_RCNX1029.JPG,/tank/data/nna/cameraTrap/prudhoe/22/Summer_2019/100RECNX/RCNX1029.JPG
570,Summer_2019_101RECNX_RCNX3386.JPG,/tank/data/nna/cameraTrap/prudhoe/22/Summer_2019/101RECNX/RCNX3386.JPG
571,Summer_2019_101RECNX_RCNX6814.JPG,/tank/data/nna/cameraTrap/prudhoe/22/Summer_2019/101RECNX/RCNX6814.JPG
572,Summer_2019_100RECNX_RCNX9934.JPG,/tank/data/nna/cameraTrap/prudhoe/22/Summer_2019/100RECNX/RCNX9934.JPG
573,019_100RECNX_RCNX5739.JPG,/tank/data/nna/cameraTrap/prudhoe/22/2019/100RECNX/RCNX5739.JPG
574,Summer_2019_100RECNX_RCNX2327.JPG,/tank/data/nna/cameraTrap/prudhoe/22/Summer_2019/100RECNX/RCNX2327.JPG
575,Summer_2019_101RECNX_RCNX7041.JPG,/tank/data/nna/cameraTrap/prudhoe/22/Summer_2019/101RECNX/RCNX7041.JPG
576,Summer_2019_101RECNX_RCNX5601.JPG,/tank/data/nna/cameraTrap/prudhoe/22/Summer_2019/101RECNX/RCNX5601.JPG
577,019_100RECNX_RCNX7130.JPG,/tank/data/nna/cameraTrap/prudhoe/22/2019/100RECNX/RCNX7130.JPG
578,019_101RECNX_RCNX6250.JPG,/tank/data/nna/cameraTrap/prudhoe/22/2019/101RECNX/RCNX6250.JPG
579,Summer_2019_100RECNX_RCNX2870.JPG,/tank/data/nna/cameraTrap/prudhoe/22/Summer_2019/100RECNX/RCNX2870.JPG
580,Summer_2019_100RECNX_RCNX8920.JPG,/tank/data/nna/cameraTrap/prudhoe/22/Summer_2019/100RECNX/RCNX8920.JPG
581,Summer_2019_101RECNX_RCNX0007.JPG,/tank/data/nna/cameraTrap/prudhoe/22/Summer_2019/101RECNX/RCNX0007.JPG
582,Summer_2019_101RECNX_RCNX4621.JPG,/tank/data/nna/cameraTrap/prudhoe/22/Summer_2019/101RECNX/RCNX4621.JPG
583,Summer_2019_101RECNX_RCNX0067.JPG,/tank/data/nna/cameraTrap/prudhoe/22/Summer_2019/101RECNX/RCNX0067.JPG
584,Summer_2019_101RECNX_RCNX0692.JPG,/tank/data/nna/cameraTrap/prudhoe/22/Summer_2019/101RECNX/RCNX0692.JPG
585,Summer_2019_101RECNX_RCNX2221.JPG,/tank/data/nna/cameraTrap/prudhoe/22/Summer_2019/101RECNX/RCNX2221.JPG
586,Summer_2019_101RECNX_RCNX2275.JPG,/tank/data/nna/cameraTrap/prudhoe/22/Summer_2019/101RECNX/RCNX2275.JPG
587,019_101RECNX_RCNX4990.JPG,/tank/data/nna/cameraTrap/prudhoe/22/2019/101RECNX/RCNX4990.JPG
588,019_100RECNX_RCNX9243.JPG,/tank/data/nna/cameraTrap/prudhoe/22/2019/100RECNX/RCNX9243.JPG
589,019_100RECNX_RCNX1799.JPG,/tank/data/nna/cameraTrap/prudhoe/22/2019/100RECNX/RCNX1799.JPG
590,Summer_2019_100RECNX_RCNX3790.JPG,/tank/data/nna/cameraTrap/prudhoe/22/Summer_2019/100RECNX/RCNX3790.JPG
591,019_100RECNX_RCNX4717.JPG,/tank/data/nna/cameraTrap/prudhoe/22/2019/100RECNX/RCNX4717.JPG
592,019_101RECNX_RCNX4381.JPG,/tank/data/nna/cameraTrap/prudhoe/22/2019/101RECNX/RCNX4381.JPG
593,019_100RECNX_RCNX0059.JPG,/tank/data/nna/cameraTrap/prudhoe/22/2019/100RECNX/RCNX0059.JPG
594,Summer_2019_100RECNX_RCNX1508.JPG,/tank/data/nna/cameraTrap/prudhoe/22/Summer_2019/100RECNX/RCNX1508.JPG
595,Summer_2019_101RECNX_RCNX7195.JPG,/tank/data/nna/cameraTrap/prudhoe/22/Summer_2019/101RECNX/RCNX7195.JPG
596,019_100RECNX_RCNX7129.JPG,/tank/data/nna/cameraTrap/prudhoe/22/2019/100RECNX/RCNX7129.JPG
597,019_100RECNX_RCNX3133.JPG,/tank/data/nna/cameraTrap/prudhoe/22/2019/100RECNX/RCNX3133.JPG
598,019_100RECNX_RCNX7496.JPG,/tank/data/nna/cameraTrap/prudhoe/22/2019/100RECNX/RCNX7496.JPG
599,Summer_2019_101RECNX_RCNX1270.JPG,/tank/data/nna/cameraTrap/prudhoe/22/Summer_2019/101RECNX/RCNX1270.JPG
600,019_100RECNX_RCNX9823.JPG,/tank/data/nna/cameraTrap/prudhoe/22/2019/100RECNX/RCNX9823.JPG
601,Summer_2019_101RECNX_RCNX4535.JPG,/tank/data/nna/cameraTrap/prudhoe/22/Summer_2019/101RECNX/RCNX4535.JPG
602,019_101RECNX_RCNX0850.JPG,/tank/data/nna/cameraTrap/prudhoe/22/2019/101RECNX/RCNX0850.JPG
